-- SQL-Query for new installations.
-- Package: Bengine
-- Copyright: Copyright protected by / Urheberrechtlich geschützt durch "Sebastian Noll" <snoll@4ym.org>
-- Version: $Id: schema.sql 55 2011-08-14 16:50:32Z secretchampion $

SET SQL_MODE="NO_AUTO_VALUE_ON_ZERO";

DROP TABLE IF EXISTS `bengine_ad`;
CREATE TABLE IF NOT EXISTS `bengine_ad` (
  `ad_id` tinyint(3) unsigned NOT NULL AUTO_INCREMENT,
  `name` varchar(128) NOT NULL,
  `position` varchar(128) NOT NULL,
  `max_views` int(8) unsigned DEFAULT '0',
  `views` int(8) unsigned NOT NULL DEFAULT '0',
  `html_code` text NULL,
  `enabled` tinyint(1) unsigned NOT NULL DEFAULT '1',
  PRIMARY KEY (`ad_id`)
) ENGINE=InnoDB DEFAULT CHARSET=utf8;

DROP TABLE IF EXISTS `bengine_alliance`;
CREATE TABLE IF NOT EXISTS `bengine_alliance` (
  `aid` int(8) unsigned NOT NULL auto_increment,
  `tag` varchar(255) character set utf8 NOT NULL,
  `name` varchar(255) character set utf8 NOT NULL,
  `logo` varchar(255) NULL,
  `founder` int(9) unsigned NOT NULL,
  `foundername` varchar(128) NULL,
  `textextern` text NULL,
  `textintern` text NULL,
  `applicationtext` text NULL,
  `homepage` varchar(255) NULL,
  `showmember` tinyint(1) unsigned NOT NULL DEFAULT '0',
  `showhomepage` tinyint(1) unsigned NOT NULL DEFAULT '1',
  `memberlistsort` int(2) unsigned NOT NULL DEFAULT '1',
  `open` tinyint(1) unsigned NOT NULL DEFAULT '1',
  PRIMARY KEY  (`aid`),
  UNIQUE KEY `tag` (`tag`),
  UNIQUE KEY `name` (`name`),
  KEY `founder` (`founder`)
) ENGINE=InnoDB DEFAULT CHARSET=utf8;

DROP TABLE IF EXISTS `bengine_allyapplication`;
CREATE TABLE IF NOT EXISTS `bengine_allyapplication` (
  `userid` int(9) unsigned NOT NULL,
  `aid` int(8) unsigned NOT NULL,
  `date` int(10) unsigned NOT NULL,
  `application` text NOT NULL,
  UNIQUE KEY `userid` (`userid`,`aid`),
  KEY `aid` (`aid`)
) ENGINE=InnoDB DEFAULT CHARSET=utf8;

DROP TABLE IF EXISTS `bengine_allyrank`;
CREATE TABLE IF NOT EXISTS `bengine_allyrank` (
  `rankid` int(12) unsigned NOT NULL auto_increment,
  `aid` int(8) unsigned NOT NULL,
  `name` varchar(255) NOT NULL,
  `CAN_SEE_MEMBERLIST` tinyint(1) unsigned NOT NULL DEFAULT '0',
  `CAN_SEE_APPLICATIONS` tinyint(1) unsigned NOT NULL DEFAULT '0',
  `CAN_MANAGE` tinyint(1) unsigned NOT NULL DEFAULT '0',
  `CAN_BAN_MEMBER` tinyint(1) unsigned NOT NULL DEFAULT '0',
  `CAN_SEE_ONLINE_STATE` tinyint(1) unsigned NOT NULL DEFAULT '0',
  `CAN_WRITE_GLOBAL_MAILS` tinyint(1) unsigned NOT NULL DEFAULT '0',
  PRIMARY KEY (`rankid`),
  KEY `aid` (`aid`)
) ENGINE=InnoDB DEFAULT CHARSET=utf8;

DROP TABLE IF EXISTS `bengine_ally_relationships`;
CREATE TABLE IF NOT EXISTS `bengine_ally_relationships` (
  `relid` int(10) unsigned NOT NULL auto_increment,
  `rel1` int(8) unsigned NOT NULL,
  `rel2` int(8) unsigned NOT NULL,
  `time` int(10) unsigned NOT NULL,
  `mode` tinyint(3) unsigned NOT NULL,
  PRIMARY KEY  (`relid`),
  UNIQUE KEY `rel1` (`rel1`,`rel2`),
  KEY `rel2` (`rel2`)
) ENGINE=InnoDB DEFAULT CHARSET=utf8;

DROP TABLE IF EXISTS `bengine_ally_relationships_application`;
CREATE TABLE IF NOT EXISTS `bengine_ally_relationships_application` (
  `candidate_ally` int(8) unsigned NOT NULL,
  `request_ally` int(8) unsigned NOT NULL,
  `userid` int(9) unsigned NOT NULL,
  `mode` tinyint(2) NOT NULL,
  `application` text NULL,
  `time` int(10) unsigned NOT NULL,
  UNIQUE KEY `candidate_ally` (`candidate_ally`,`request_ally`),
  KEY `request_ally` (`request_ally`),
  KEY `userid` (`userid`)
) ENGINE=InnoDB DEFAULT CHARSET=utf8;

CREATE TABLE IF NOT EXISTS `bengine_ally_relationship_type` (
  `type_id` tinyint(3) unsigned NOT NULL AUTO_INCREMENT,
  `name` varchar(128) NOT NULL,
  `css` varchar(128) NULL,
  `confirm_begin` tinyint(1) unsigned NOT NULL DEFAULT '1',
  `confirm_end` tinyint(3) unsigned DEFAULT NULL,
  `storable` tinyint(1) unsigned NOT NULL DEFAULT '1',
  `acs` tinyint(1) unsigned NOT NULL DEFAULT '0',
  PRIMARY KEY (`type_id`),
  KEY `confirm_end` (`confirm_end`)
) ENGINE=InnoDB  DEFAULT CHARSET=utf8;

INSERT INTO `bengine_ally_relationship_type` (`type_id`, `name`, `css`, `confirm_begin`, `confirm_end`, `storable`, `acs`) VALUES
(1, 'PROTECTION', 'protection', 1, NULL, 1, 1),
(2, 'CONFEDERATION', 'confederation', 1, NULL, 1, 1),
(3, 'WAR', 'enemy', 0, 5, 1, 0),
(4, 'TRADE_AGREEMENT', 'trade-union', 1, NULL, 1, 1),
(5, 'CEASEFIRE', '', 1, NULL, 0, 0);

DROP TABLE IF EXISTS `bengine_assault`;
CREATE TABLE IF NOT EXISTS `bengine_assault` (
  `assaultid` int(13) unsigned NOT NULL auto_increment,
  `key` varbinary(4) NULL,
  `result` tinyint(1) unsigned NOT NULL,
  `planetid` int(10) unsigned NULL,
  `time` int(10) unsigned NOT NULL DEFAULT '0',
  `moonchance` int(2) unsigned NOT NULL DEFAULT '0',
  `moon` tinyint(1) unsigned NOT NULL DEFAULT '0',
  `lostunits_attacker` int(10) unsigned NOT NULL DEFAULT '0',
  `lostunits_defender` int(10) unsigned NOT NULL DEFAULT '0',
  `gentime` int(8) unsigned NOT NULL DEFAULT '0',
  `report` text NULL,
  `accomplished` tinyint(1) unsigned NOT NULL DEFAULT '0',
  PRIMARY KEY  (`assaultid`),
  KEY `planetid` (`planetid`)
) ENGINE=InnoDB DEFAULT CHARSET=utf8;

DROP TABLE IF EXISTS `bengine_assaultparticipant`;
CREATE TABLE IF NOT EXISTS `bengine_assaultparticipant` (
  `participantid` bigint(20) unsigned NOT NULL auto_increment,
  `assaultid` int(13) unsigned NOT NULL,
  `userid` int(9) unsigned NULL DEFAULT NULL,
  `planetid` int(10) unsigned NOT NULL,
  `mode` tinyint(1) unsigned NULL,
  `consumption` int(10) unsigned NULL DEFAULT '0',
  `preloaded` int(10) unsigned NULL DEFAULT '0',
  `haul_metal` int(10) unsigned NOT NULL DEFAULT '0',
  `haul_silicon` int(10) unsigned NOT NULL DEFAULT '0',
  `haul_hydrogen` int(10) unsigned NOT NULL DEFAULT '0',
  `data` text NULL,
  PRIMARY KEY  (`participantid`),
  KEY `assaultid` (`assaultid`),
  KEY `userid` (`userid`),
  KEY `planetid` (`planetid`)
) ENGINE=InnoDB DEFAULT CHARSET=utf8;

DROP TABLE IF EXISTS `bengine_attack_formation`;
CREATE TABLE IF NOT EXISTS `bengine_attack_formation` (
  `eventid` int(10) unsigned NOT NULL,
  `name` varchar(128) NULL,
  `time` int(10) unsigned NOT NULL DEFAULT '0',
  PRIMARY KEY (`eventid`)
) ENGINE=InnoDB DEFAULT CHARSET=utf8;

DROP TABLE IF EXISTS `bengine_ban_u`;
CREATE TABLE IF NOT EXISTS `bengine_ban_u` (
  `banid` int(10) unsigned NOT NULL auto_increment,
  `userid` int(9) unsigned NOT NULL,
  `from` int(10) unsigned NOT NULL DEFAULT '0',
  `to` int(10) unsigned NOT NULL DEFAULT '0',
  `reason` varchar(255) NULL,
  `modid` int(9) unsigned NULL DEFAULT 1,
  PRIMARY KEY  (`banid`),
  KEY `userid` (`userid`),
  KEY `modid` (`userid`)
) ENGINE=InnoDB  DEFAULT CHARSET=utf8;

DROP TABLE IF EXISTS `bengine_buddylist`;
CREATE TABLE IF NOT EXISTS `bengine_buddylist` (
  `relid` int(11) unsigned NOT NULL auto_increment,
  `friend1` int(9) unsigned NOT NULL,
  `friend2` int(9) unsigned NOT NULL,
  `accepted` tinyint(4) unsigned NOT NULL DEFAULT '0',
  PRIMARY KEY  (`relid`),
  UNIQUE KEY `friend1` (`friend1`,`friend2`),
  KEY `friend2` (`friend2`)
) ENGINE=InnoDB  DEFAULT CHARSET=utf8;

DROP TABLE IF EXISTS `bengine_building2planet`;
CREATE TABLE IF NOT EXISTS `bengine_building2planet` (
  `planetid` int(10) unsigned NOT NULL,
  `buildingid` int(4) unsigned NOT NULL,
  `level` int(3) unsigned NOT NULL DEFAULT '0',
  `prod_factor` int(3) unsigned NOT NULL DEFAULT '100',
  UNIQUE KEY `planetid` (`planetid`,`buildingid`)
) ENGINE=InnoDB DEFAULT CHARSET=utf8;

DROP TABLE IF EXISTS `bengine_construction`;
CREATE TABLE IF NOT EXISTS `bengine_construction` (
  `buildingid` int(4) unsigned NOT NULL AUTO_INCREMENT,
  `mode` int(2) unsigned NOT NULL,
  `allow_on_moon` tinyint(1) NOT NULL DEFAULT '1',
  `name` varchar(255) NOT NULL,
  `basic_metal` int(7) unsigned NOT NULL DEFAULT '0',
  `basic_silicon` int(7) unsigned NOT NULL DEFAULT '0',
  `basic_hydrogen` int(7) unsigned NOT NULL DEFAULT '0',
  `basic_energy` int(7) unsigned NOT NULL DEFAULT '0',
  `prod_metal` varchar(255) NULL,
  `prod_silicon` varchar(255) NULL,
  `prod_hydrogen` varchar(255) NULL,
  `prod_energy` varchar(255) NULL,
  `cons_metal` varchar(255) NULL,
  `cons_silicon` varchar(255) NULL,
  `cons_hydrogen` varchar(255) NULL,
  `cons_energy` varchar(255) NULL,
  `charge_metal` varchar(255) NULL,
  `charge_silicon` varchar(255) NULL,
  `charge_hydrogen` varchar(255) NULL,
  `charge_energy` varchar(255) NULL,
  `special` varchar(255) NULL,
  `demolish` double(128,1) NOT NULL DEFAULT '0',
  `display_order` int(4) unsigned NOT NULL DEFAULT '0',
  PRIMARY KEY (`buildingid`)
) ENGINE=InnoDB  DEFAULT CHARSET=utf8;

INSERT INTO `bengine_construction` (`buildingid`, `mode`, `allow_on_moon`, `name`, `basic_metal`, `basic_silicon`, `basic_hydrogen`, `basic_energy`, `prod_metal`, `prod_silicon`, `prod_hydrogen`, `prod_energy`, `cons_metal`, `cons_silicon`, `cons_hydrogen`, `cons_energy`, `charge_metal`, `charge_silicon`, `charge_hydrogen`, `charge_energy`, `special`, `demolish`, `display_order`) VALUES
(1, 1, 0, 'METALMINE', 60, 15, 0, 0, 'floor(30 * {level} * pow(1.1, {level}))', '', '', '', '', '', '', 'floor(10 * {level} * pow(1.1, {level}))', 'floor({basic} * pow(1.5, ({level} - 1)))', 'floor({basic} * pow(1.5, ({level} - 1)))', '', '', '', 1.5, 0),
(2, 1, 0, 'SILICON_LAB', 48, 24, 0, 0, '', 'floor(20 * {level} * pow(1.1, {level}))', '', '', '', '', '', 'floor(10 * {level} * pow(1.1, {level}))', 'floor({basic} * pow(1.6, ({level} - 1)))', 'floor({basic} * pow(1.6, ({level} - 1)))', '', '', '', 1.6, 0),
(3, 1, 0, 'HYDROGEN_LAB', 225, 75, 0, 0, '', '', 'floor(10 * {level} * pow(1.1, {level} * (-0.002 * {temp} + 1.28)))', '', '', '', '', 'floor(20 * {level} * pow(1.1, {level}))', 'floor({basic} * pow(1.5, ({level} - 1)))', 'floor({basic} * pow(1.5, ({level} - 1)))', '', '', '', 1.5, 0),
(4, 1, 0, 'SOLAR_PLANT', 75, 30, 0, 0, '', '', '', 'floor(20 * {level} * pow(1.1, {level}))', '', '', '', '', '50 * pow(1.5, {level})', '20 * pow(1.5, {level})', '', '', '', 1.5, 0),
(5, 1, 0, 'HYDROGEN_PLANT', 900, 360, 180, 0, '', '', '', 'floor(30 * {level} * pow(1.05 + {tech=18} * 0.01, {level}))', '', '', 'floor(10 * {level} * pow(1.1, {level}))', '', 'floor({basic} * pow(1.8, ({level} - 1)))', 'floor({basic} * pow(1.8, ({level} - 1)))', 'floor({basic} * pow(1.8, ({level} - 1)))', '', '', 1.8, 0),
(6, 1, 1, 'ROBOTIC_FACTORY', 400, 120, 200, 0, '', '', '', '', '', '', '', '', '{basic} * pow(2, ({level} - 1))', '{basic} * pow(2, ({level} - 1))', '{basic} * pow(2, ({level} - 1))', '', '', 2.0, 0),
(7, 1, 0, 'NANO_FACTORY', 1000000, 500000, 100000, 0, '', '', '', '', '', '', '', '', '{basic} * pow(2, ({level} - 1))', '{basic} * pow(2, ({level} - 1))', '{basic} * pow(2, ({level} - 1))', '', '', 2.0, 0),
(8, 1, 1, 'SHIPYARD', 400, 200, 100, 0, '', '', '', '', '', '', '', '', '{basic} * pow(2, ({level} - 1))', '{basic} * pow(2, ({level} - 1))', '{basic} * pow(2, ({level} - 1))', '', '', 2.0, 0),
(9, 1, 0, 'METAL_STORAGE', 2000, 0, 0, 0, '', '', '', '', '', '', '', '', '{basic} * pow(2, ({level} - 1))', '', '', '', '(1 + ceil(pow(1.6, {level}))) * 50000', 2.0, 0),
(10, 1, 0, 'SILICON_STORAGE', 2000, 1000, 0, 0, '', '', '', '', '', '', '', '', '{basic} * pow(2, ({level} - 1))', '{basic} * pow(2, ({level} - 1))', '', '', '(1 + ceil(pow(1.6, {level}))) * 50000', 2.0, 0),
(11, 1, 0, 'HYDROGEN_STORAGE', 2000, 2000, 0, 0, '', '', '', '', '', '', '', '', '{basic} * pow(2, ({level} - 1))', '{basic} * pow(2, ({level} - 1))', '', '', '(1 + ceil(pow(1.6, {level}))) * 50000', 2.0, 0),
(12, 1, 0, 'RESEARCH_LAB', 200, 400, 200, 0, '', '', '', '', '', '', '', '', '{basic} * pow(2, ({level} - 1))', '{basic} * pow(2, ({level} - 1))', '{basic} * pow(2, ({level} - 1))', '', '', 2.0, 0),
(13, 2, 1, 'SPYWARE', 200, 1000, 200, 0, '', '', '', '', '', '', '', '', '{basic} * pow(2, ({level} - 1))', '{basic} * pow(2, ({level} - 1))', '{basic} * pow(2, ({level} - 1))', '', '', 0.0, 0),
(14, 2, 1, 'COMPUTER_TECH', 0, 400, 600, 0, '', '', '', '', '', '', '', '', '', '{basic} * pow(2, ({level} - 1))', '{basic} * pow(2, ({level} - 1))', '', '', 0.0, 0),
(15, 2, 1, 'GUN_TECH', 800, 200, 0, 0, '', '', '', '', '', '', '', '', '{basic} * pow(2, ({level} - 1))', '{basic} * pow(2, ({level} - 1))', '', '', '', 0.0, 0),
(16, 2, 1, 'SHIELD_TECH', 200, 600, 0, 0, '', '', '', '', '', '', '', '', '{basic} * pow(2, ({level} - 1))', '{basic} * pow(2, ({level} - 1))', '', '', '', 0.0, 0),
(17, 2, 1, 'SHELL_TECH', 1000, 0, 0, 0, '', '', '', '', '', '', '', '', '{basic} * pow(2, ({level} - 1))', '', '', '', '', 0.0, 0),
(18, 2, 1, 'ENERGY_TECH', 0, 800, 400, 0, '', '', '', '', '', '', '', '', '', '{basic} * pow(2, ({level} - 1))', '{basic} * pow(2, ({level} - 1))', '', '', 0.0, 0),
(19, 2, 1, 'HYPERSPACE_TECH', 0, 4000, 2000, 0, '', '', '', '', '', '', '', '', '', '{basic} * pow(2, ({level} - 1))', '{basic} * pow(2, ({level} - 1))', '', '', 0.0, 0),
(20, 2, 1, 'COMBUSTION_ENGINE', 400, 0, 600, 0, '', '', '', '', '', '', '', '', '{basic} * pow(2, ({level} - 1))', '', '{basic} * pow(2, ({level} - 1))', '', '', 0.0, 0),
(21, 2, 1, 'IMPULSE_ENGINE', 2000, 4000, 600, 0, '', '', '', '', '', '', '', '', '{basic} * pow(2, ({level} - 1))', '{basic} * pow(2, ({level} - 1))', '{basic} * pow(2, ({level} - 1))', '', '', 0.0, 0),
(22, 2, 1, 'HYPERSPACE_ENGINE', 10000, 20000, 6000, 0, '', '', '', '', '', '', '', '', '{basic} * pow(2, ({level} - 1))', '{basic} * pow(2, ({level} - 1))', '{basic} * pow(2, ({level} - 1))', '', '', 0.0, 0),
(23, 2, 1, 'LASER_TECH', 200, 100, 0, 0, '', '', '', '', '', '', '', '', '{basic} * pow(2, ({level} - 1))', '{basic} * pow(2, ({level} - 1))', '', '', '', 0.0, 0),
(24, 2, 1, 'ION_TECH', 1000, 300, 100, 0, '', '', '', '', '', '', '', '', '{basic} * pow(2, ({level} - 1))', '{basic} * pow(2, ({level} - 1))', '{basic} * pow(2, ({level} - 1))', '', '', 0.0, 0),
(25, 2, 1, 'PLASMA_TECH', 2000, 4000, 1000, 0, '', '', '', '', '', '', '', '', '{basic} * pow(2, ({level} - 1))', '{basic} * pow(2, ({level} - 1))', '{basic} * pow(2, ({level} - 1))', '', '', 0.0, 0),
(26, 2, 1, 'IGN', 240000, 400000, 160000, 0, '', '', '', '', '', '', '', '', '{basic} * pow(2, ({level} - 1))', '{basic} * pow(2, ({level} - 1))', '{basic} * pow(2, ({level} - 1))', '', '', 0.0, 0),
(28, 2, 1, 'GRAVI', 0, 0, 0, 300000, '', '', '', '', '', '', '', '', '', '', '', '{basic} * pow(3, ({level} - 1))', '', 0.0, 0),
(29, 3, 1, 'SMALL_TRANSPORTER', 2000, 2000, 0, 0, '', '', '', '', '', '', '', '', '', '', '', '', '', 0.0, 0),
(30, 3, 1, 'LARGE_TRANSPORTER', 6000, 6000, 0, 0, '', '', '', '', '', '', '', '', '', '', '', '', '', 0.0, 0),
(31, 3, 1, 'LIGHT_FIGHTER', 3000, 1000, 0, 0, '', '', '', '', '', '', '', '', '', '', '', '', '', 0.0, 0),
(32, 3, 1, 'STRONG_FIGHTER', 6000, 4000, 0, 0, '', '', '', '', '', '', '', '', '', '', '', '', '', 0.0, 0),
(33, 3, 1, 'FRIGATE', 20000, 7000, 2000, 0, '', '', '', '', '', '', '', '', '', '', '', '', '', 0.0, 0),
(34, 3, 1, 'CRUISER', 40000, 20000, 0, 0, '', '', '', '', '', '', '', '', '', '', '', '', '', 0.0, 0),
(35, 3, 1, 'BATTLE_SHIP', 30000, 40000, 15000, 0, '', '', '', '', '', '', '', '', '', '', '', '', '', 0.0, 0),
(36, 3, 1, 'COLONY_SHIP', 10000, 20000, 10000, 0, '', '', '', '', '', '', '', '', '', '', '', '', '', 0.0, 0),
(37, 3, 1, 'RECYCLER', 10000, 6000, 2000, 0, '', '', '', '', '', '', '', '', '', '', '', '', '', 0.0, 0),
(38, 3, 1, 'ESPIONAGE_SENSOR', 0, 1000, 0, 0, '', '', '', '', '', '', '', '', '', '', '', '', '', 0.0, 0),
(39, 3, 1, 'SOLAR_SATELLITE', 0, 2000, 500, 0, '', '', '', '', '', '', '', '', '', '', '', '', '', 0.0, 0),
(40, 3, 1, 'BOMBER', 50000, 25000, 15000, 0, '', '', '', '', '', '', '', '', '', '', '', '', '', 0.0, 0),
(41, 3, 1, 'STAR_DESTROYER', 60000, 50000, 15000, 0, '', '', '', '', '', '', '', '', '', '', '', '', '', 0.0, 0),
(42, 3, 1, 'DEATH_STAR', 5000000, 4000000, 1000000, 0, '', '', '', '', '', '', '', '', '', '', '', '', '', 0.0, 0),
(43, 4, 1, 'ROCKET_LAUNCHER', 2000, 0, 0, 0, '', '', '', '', '', '', '', '', '', '', '', '', '', 0.0, 0),
(44, 4, 1, 'LIGHT_LASER', 1500, 500, 0, 0, '', '', '', '', '', '', '', '', '', '', '', '', '', 0.0, 0),
(45, 4, 1, 'STRONG_LASER', 6000, 2000, 0, 0, '', '', '', '', '', '', '', '', '', '', '', '', '', 0.0, 0),
(46, 4, 1, 'ION_GUN', 2000, 6000, 0, 0, '', '', '', '', '', '', '', '', '', '', '', '', '', 0.0, 0),
(47, 4, 1, 'GAUSS_GUN', 20000, 15000, 2000, 0, '', '', '', '', '', '', '', '', '', '', '', '', '', 0.0, 0),
(48, 4, 1, 'PLASMA_GUN', 50000, 50000, 30000, 0, '', '', '', '', '', '', '', '', '', '', '', '', '', 0.0, 0),
(49, 4, 1, 'SMALL_SHIELD', 10000, 10000, 0, 0, '', '', '', '', '', '', '', '', '', '', '', '', '', 0.0, 0),
(50, 4, 1, 'LARGE_SHIELD', 50000, 50000, 0, 0, '', '', '', '', '', '', '', '', '', '', '', '', '', 0.0, 0),
(51, 4, 0, 'INTERCEPTOR_ROCKET', 8000, 0, 2000, 0, '', '', '', '', '', '', '', '', '', '', '', '', '', 0.0, 0),
(52, 4, 0, 'INTERPLANETARY_ROCKET', 12500, 2500, 10000, 0, '', '', '', '', '', '', '', '', '', '', '', '', '', 0.0, 0),
(53, 1, 0, 'ROCKET_STATION', 20000, 20000, 1000, 0, '', '', '', '', '', '', '', '', '{basic} * pow(2, ({level} - 1))', '{basic} * pow(2, ({level} - 1))', '{basic} * pow(2, ({level} - 1))', '', '', 2.0, 0),
(54, 5, 1, 'MOON_BASE', 20000, 40000, 20000, 0, '', '', '', '', '', '', '', '', '{basic} * pow(2, ({level} - 1))', '{basic} * pow(2, ({level} - 1))', '{basic} * pow(2, ({level} - 1))', '', '', 0.0, 0),
(55, 5, 1, 'STAR_SURVEILLANCE', 20000, 40000, 20000, 0, '', '', '', '', '', '', '', '', '{basic} * pow(2, ({level} - 1))', '{basic} * pow(2, ({level} - 1))', '{basic} * pow(2, ({level} - 1))', '', '', 2.0, 0),
(56, 5, 1, 'STAR_GATE', 2000000, 4000000, 2000000, 0, '', '', '', '', '', '', '', '', '{basic} * pow(2, ({level} - 1))', '{basic} * pow(2, ({level} - 1))', '{basic} * pow(2, ({level} - 1))', '', '', 2.0, 0),
(58, 1, 0, 'TERRA_FORMER', 0, 50000, 100000, 1000, '', '', '', '', '', '', '', '', '', '{basic} * pow(2, ({level} - 1))', '{basic} * pow(2, ({level} - 1))', '{basic} * pow(2, ({level} - 1))', '', 0.0, 0);

DROP TABLE IF EXISTS `bengine_config`;
CREATE TABLE IF NOT EXISTS `bengine_config` (
  `var` varchar(255) NOT NULL,
  `value` varchar(10000) NULL,
  `type` varchar(10) NOT NULL,
  `description` varchar(5000) NULL,
  `options` varchar(1000) NULL,
  `groupid` int(4) unsigned NOT NULL,
  `islisted` tinyint(1) unsigned NOT NULL DEFAULT '1',
  `sort_index` int(4) unsigned NULL DEFAULT '0',
  PRIMARY KEY (`var`),
  KEY `groupid` (`groupid`)
) ENGINE=InnoDB DEFAULT CHARSET=utf8;

INSERT INTO `bengine_config` (`var`, `value`, `type`, `description`, `options`, `groupid`, `islisted`, `sort_index`) VALUES
('ATTACKING_STOPPAGE', '', 'boolean', 'Disallows all attacking fleet missions.', '', 3, 1, 0),
('BANNED_EMAILS', '', 'text', 'List of banned email addresses. You may type complete email addresses (user@example.com) or just fragments (@example.com).<br/><br/>Note: Rules like "example" will match all email addresses containing the phrase "example".<br/>Separate your rules with a comma.', '', 4, 1, 0),
('COMBAT_STORE_DAYS', '35', 'integer', 'Number of days storing combat reports.', '', 3, 1, 0),
('COMMERCIALS_ENABLED', '1', 'boolean', 'Enables the ad plug-in.', '', 8, 1, 0),
('COUNT_AD_VIEWS', '', 'boolean', 'Count up everytime an ad banner has been displayed.', '', 8, 1, 0),
('DEFAULT_HYDROGEN', '0', 'integer', 'Default hydrogen a planet got.', '', 5, 1, 0),
('DEFAULT_METAL', '500', 'integer', 'Default metal a planet got.', '', 5, 1, 0),
('DEFAULT_SILICON', '500', 'integer', 'Default silicon a planet got.', '', 5, 1, 0),
('DEFENSE_INTO_DEBRIS', '0.0', 'double', 'Specifies the amount of destroyed defense that turn into debris.', '', 9, 1, 0),
('DEL_MESSAGE_DAYS', '7', 'integer', 'Messages will be deleted after this time.', '', 6, 1, 0),
('EMAIL_ACTIVATION_CHANGED_EMAIL', '1', 'boolean', 'Turn on to revalidate accounts after changing the mail address.', '', 10, 1, 0),
('EMAIL_ACTIVATION_CHANGED_PASSWORD', '0', 'boolean', 'Turn on to revalidate accounts after changing password.', '', 10, 1, 0),
('EMAIL_ACTIVATION_DISABLED', '0', 'boolean', 'Disable email activation after registration.', '', 10, 1, 0),
('EXCLUDE_TEMPLATE_PACKAGE', '', 'text', 'Exclude template package from drop-down in user preferences (comma separated).', '', 8, 1, 0),
('FACTION_IMG_EXT', '.png', 'char', 'Image extension for faction images', '', 3, 1, 0),
('FLEET_INTO_DEBRIS', '0.3', 'double', 'Specifies the amount of destroyed ships that turn into debris.', '', 9, 1, 0),
('FORUM_URL', 'http://forum-page-url.org/', 'char', 'Forum URL used in start up message after registrations.', '', 3, 1, 0),
('GALAXYS', '4', 'integer', 'Number of available galaxies.', '', 5, 1, 0),
('GAMESPEED', '1', 'double', 'Construction and fleet speed factor. e.g. 0.5 doubles the speed.', '', 3, 1, 0),
('GAME_LOGO', '', 'char', 'Replaces the headline with a picture.', '', 3, 1, 0),
('GOOGLE_ANALYTICS_ACCOUNT', '', 'char', 'Google analytics account Id.', '', 3, 1, 0),
('HELP_PAGE_URL', 'http://help-page-url.org/', 'char', 'Help page URL used in start up message after registration.', '', 3, 1, 0),
('HOME_PLANET_SIZE', '12800', 'integer', 'Size of the first planet (diameter in km).', '', 5, 1, 0),
('HYDROGEN_BASIC_PROD', '0', 'integer', 'Basic hydrogen production per hour.', '', 2, 1, 0),
('INACTIVE_USER_TIME_1', '604800', 'integer', 'Time to display a small i for inactive users in galaxy and ranking. Time in seconds.', NULL, '5', '1', '0'),
('INACTIVE_USER_TIME_2', '1814400', 'integer', 'Time to display a large I for inactive users in galaxy and ranking. Time in seconds.', NULL, '5', '1', '0'),
('MAIL_ADAPTER', 'sendmail', 'select', 'Choose how your mails will be send.', 'a:2:{s:8:"sendmail";s:18:"Sendmail (Default)";s:4:"smtp";s:4:"SMTP";}', 10, 1, 0),
('MAIL_SENDER', 'noreply@domain.org', 'char', 'Sender address for emails.', NULL, 10, 1, 0),
('MAIL_SENDER_NAME', NULL, 'char', 'The mail sender name.', NULL, 10, 1, 0),
('MAIL_SMTP_AUTH', 'PLAIN', 'select', 'Auth type of your SMTP server.', 'a:4:{s:0:"";s:0:"";s:5:"PLAIN";s:5:"PLAIN";s:5:"LOGIN";s:5:"LOGIN";s:8:"CRAM-MD5";s:8:"CRAM-MD5";}', 10, 1, 0),
('MAIL_SMTP_HOST', '', 'char', 'Host name of your SMTP server.', NULL, 10, 1, 0),
('MAIL_SMTP_PORT', '25', 'integer', 'Port of your SMTP server.', NULL, 10, 1, 0),
('MAIL_SMTP_PWD', '', 'char', 'Password of your SMTP user authentication.', NULL, 10, 1, 0),
('MAIL_SMTP_USER', '', 'char', 'User to authenticate to SMTP server.', NULL, 10, 1, 0),
('MAIL_SMTP_SECURE', 'tls', 'select', 'Secures the mail transmission', 'a:3:{s:4:"none";s:4:"None";s:3:"ssl";s:3:"SSL";s:3:"tls";s:3:"TLS";}', 10, 1, 0),
('MAX_ALLIANCE_TEXT_LENGTH', '20000', 'integer', 'Maximum length of alliance text.', '', 7, 1, 0),
('MAX_ALLOWED_USER', '2500', 'integer', 'Maximum allowed users. If this limit has been reached, the registration will be shut down. Set 0 for unlimited.', '', 4, 1, 0),
('MAX_APPLICATION_TEXT_LENGTH', '3000', 'integer', 'Maximum length of alliance applications.', '', 7, 1, 0),
('MAX_ASTEROID_SIZE', '100', 'integer', 'Max. size an asteroid can grow.', '', 5, 1, 0),
('MAX_CHARS_ALLY_NAME', '30', 'integer', 'Maximum allowed characters for alliance names.', '', 7, 1, 0),
('MAX_CHARS_ALLY_TAG', '8', 'integer', 'Maximum allowed characters for alliance tags.', '', 7, 1, 0),
('MAX_FORMATION_DELAY', '0.3', 'double', 'Maximum allowed delay for new formation attack.', '', 3, 1, 0),
('MAX_FORMATION_FLEETS', '16', 'integer', 'Maximum allowed fleets per formation.', '', 3, 1, 0),
('MAX_FORMATION_USER', '5', 'integer', 'Maximum allowed users per formation.', '', 3, 1, 0),
('MAX_INPUT_LENGTH', '255', 'integer', 'Maximium length of standard text fields.', '', 6, 1, 0),
('MAX_MESSAGE_PAGES', '5', 'integer', 'Maximum pages shown for messages.', '', 6, 1, 0),
('MAX_MOON_FORMATION_CHANCE', '20.0', 'double', 'Maximum chance of moon formation.', '', 9, 1, 0),
('MAX_PASSWORD_LENGTH', '32', 'integer', 'Maximum allowed characters for passwords.', '', 4, 1, 0),
('MAX_PILLORY_PAGES', '5', 'integer', 'Maximum pages shown in the pillory.', '', 8, 1, 0),
('MAX_PLANETS', '9', 'integer', 'Maximum planets to colonize.', '', 5, 1, 0),
('MAX_PMS', '10', 'integer', 'Maximum messages shown per page.', '', 6, 1, 0),
('MAX_PM_LENGTH', '1000', 'integer', 'Maximum length for messages.', '', 6, 1, 0),
('MAX_USER_CHARS', '20', 'integer', 'Maximum allowed characters of usernames.', '', 4, 1, 0),
('METAL_BASIC_PROD', '20', 'integer', 'Basic metal production per hour.', '', 2, 1, 0),
('MIN_CHARS_ALLY_NAME', '3', 'integer', 'Minimum characters for alliance names.', '', 7, 1, 0),
('MIN_CHARS_ALLY_TAG', '2', 'integer', 'Minimum characters for alliance tags.', '', 7, 1, 0),
('MIN_PASSWORD_LENGTH', '8', 'integer', 'Minimum characters for passwords.', '', 4, 1, 0),
('MIN_USER_CHARS', '4', 'integer', 'Minimum characters for usernames.', '', 4, 1, 0),
('MIN_VACATION_MODE', '172800', 'integer', 'Minimum time to stay in vacation mode. Time in seconds.', NULL, '8', '1', '0'),
('NEWBIE_PROTECTION_FACTOR_MAX', '2', 'integer', '', '', 8, 1, 0),
('NEWBIE_PROTECTION_FACTOR_MIN', '5', 'integer', '', '', 8, 1, 0),
('NEWBIE_PROTECTION_MIN', '5000', 'integer', 'If an user surpasses this limit, everyone can attack him.', '', 8, 1, 0),
('PILLORY_ITEMS_PER_PAGE', '20', 'integer', 'Records shown per pillory page.', '', 8, 1, 0),
('PLANET_FIELD_ADDITION', '10', 'integer', 'Additional fields each planet obtains.', '', 2, 1, 0),
('PLANET_IMG_EXT', '.jpg', 'char', 'Extension for the planet pictures.', '', 5, 1, 0),
('PRODUCTION_FACTOR', '1', 'integer', 'Production factor. e.g. 2 doubles the production.', '', 2, 1, 0),
('REGISTRATION_DISABLED', '', 'boolean', 'Disables the registration.', '', 4, 1, 0),
('REMINDER_MAIL_TIME', '14', 'integer', 'Days passing to send reminder mail.', '', 8, 1, 0),
('REPAIR_DEFENSE_MAX', '0.8', 'double', 'Maximum chance of rebuilding defenes immediately after combat.', '', 9, 1, 0),
('REPAIR_DEFENSE_MIN', '0.3', 'double', 'Minimum chance of rebuilding defenes immediately after combat.', '', 9, 1, 0),
('SCRAP_MERCHANT_RATE', '0.4', 'double', 'How much the scrap merchant will pay for discarded...', '', 4, 1, 0),
('SESSION_DELETEION_DAYS', '30', 'integer', 'How many days sessions are stored.', '', 8, 1, 0),
('SESSION_ID_LENGTH', '32', 'integer', 'Character length for session IDs.', '', 8, 1, 0),
('SHIPYARD_MAX_UNITS_PER_ORDER', '1000', 'integer', 'Number of maximum allowed units per order.', '', 8, 1, 0),
('SHIPYARD_ORDER_ABORT_PERCENT', '70', 'integer', '', '', 8, 1, 0),
('SILICON_BASIC_PROD', '10', 'integer', 'Basic silicon production per hour.', '', 2, 1, 0),
('STAR_GATE_RELOAD_TIME', '60', 'integer', 'Time the star gate needs to reload (in minutes).', '', 8, 1, 0),
('STAR_SURVEILLANCE_CONSUMPTION', '5000', 'integer', 'Costs per star surveillance view.', '', 8, 1, 0),
('SYSTEMS', '100', 'integer', 'Number of available solar systems.', '', 5, 1, 0),
('TERRAFORMER_ADDITIONAL_FIELDS', '5', 'text', 'Number of fields that will be added to a planet per terraformer level.', '', 2, 1, '0'),
('TITLE_PREFIX', '', 'char', 'Prepends this string at the beginning of page title.', '', 1, 1, 0),
('TITLE_SUFFIX', '', 'char', 'Appends this string to the end of page title.', '', 1, 1, 0),
('TITLE_GLUE', ' &ndash; ', 'char', 'String to combine pagetitle, pre- and suffix.', '', 1, 1, 0),
('USE_PASSWORD_SALT', '1', 'boolean', '', 'Enables salted passwords. Warning: Do not enable salted passwords with old users.', 4, 1, 0),
('USER_DELETE_TIME', '30', 'integer', 'Users will be delteted after this time.', '', 4, 1, 0),
('USER_EDIT_IP_CHECK', '0', 'boolean', 'Allow users to edit their IP check preferences.', '', 4, 1, 0),
('USER_PER_PAGE', '100', 'integer', 'Maximum users shown per ranking page.', '', 8, 1, 0),
('WATING_TIME_REGISTRATION', '5', 'integer', 'Time to wait to do a second registration.', '', 4, 1, 0),
('defaultlanguage', '1', 'integer', 'Default language id.', '', 1, 1, 0),
('pagetitle', '[DEMO] Browsergame Engine', 'char', 'Page name.', '', 1, 1, 0),
('standardlanggroups', 'global', 'char', 'Pharses groups to load always.', '', 1, 0, 0),
('timezone', 'Europe/Berlin', 'char', 'Server time zone.', '', 1, 1, 0);

DROP TABLE IF EXISTS `bengine_configgroups`;
CREATE TABLE IF NOT EXISTS `bengine_configgroups` (
  `groupid` int(4) unsigned NOT NULL auto_increment,
  `groupname` varchar(64) NOT NULL,
  PRIMARY KEY  (`groupid`)
) ENGINE=InnoDB DEFAULT CHARSET=utf8;

INSERT INTO `bengine_configgroups` (`groupid`, `groupname`) VALUES
(1, 'Website Options'),
(2, 'Production Options'),
(3, 'Basic Game Options'),
(4, 'Registration Options'),
(5, 'Galaxy &amp; Planet Options'),
(6, 'Private Messages'),
(7, 'Alliance Options'),
(8, 'Other Options'),
(9, 'Combat Options'),
(10, 'Mail Options');

DROP TABLE IF EXISTS `bengine_cronjob`;
CREATE TABLE IF NOT EXISTS `bengine_cronjob` (
  `cronid` int(5) unsigned NOT NULL auto_increment,
  `class` varchar(255) NOT NULL,
  `month` varchar(26) NULL,
  `day` varchar(83) NULL,
  `weekday` varchar(13) NULL,
  `hour` varchar(62) NULL,
  `minute` varchar(34) NULL,
  `xtime` int(10) unsigned NULL,
  `last` int(10) unsigned NULL,
  `active` tinyint(1) unsigned NOT NULL DEFAULT '0',
  PRIMARY KEY (`cronid`)
) ENGINE=InnoDB DEFAULT CHARSET=utf8;

INSERT INTO `bengine_cronjob` (`cronid`, `class`, `month`, `day`, `weekday`, `hour`, `minute`, `xtime`, `last`, `active`) VALUES
(1, 'Bengine_Cronjob_PointClean', '1,2,3,4,5,6,7,8,9,10,11,12', '1,2,3,4,5,6,7,8,9,10,11,12,13,14,15,16,17,18,19,20,21,22,23,24,25,26,27,28,29,30,31', '7', '3', '15', NULL, NULL, 1),
(2, 'Bengine_Cronjob_RemoveInactiveUser', '1,2,3,4,5,6,7,8,9,10,11,12', '1,2,3,4,5,6,7,8,9,10,11,12,13,14,15,16,17,18,19,20,21,22,23,24,25,26,27,28,29,30,31', '6', '3', '30', NULL, NULL, 1),
(3, 'Bengine_Cronjob_RemoveGalaxyGarbage', '1,2,3,4,5,6,7,8,9,10,11,12', '1,2,3,4,5,6,7,8,9,10,11,12,13,14,15,16,17,18,19,20,21,22,23,24,25,26,27,28,29,30,31', '3', '8', '0', NULL, NULL, 1),
(4, 'Bengine_Cronjob_CleanSessions', '1,2,3,4,5,6,7,8,9,10,11,12', '1,2,3,4,5,6,7,8,9,10,11,12,13,14,15,16,17,18,19,20,21,22,23,24,25,26,27,28,29,30,31', '1,2,3,4,5,6,7', '3', '0', NULL, NULL, 1),
(5, 'Bengine_Cronjob_Reminder', '1,2,3,4,5,6,7,8,9,10,11,12', '1,2,3,4,5,6,7,8,9,10,11,12,13,14,15,16,17,18,19,20,21,22,23,24,25,26,27,28,29,30,31', '2', '10', '0', NULL, NULL, 0),
(6, 'Bengine_Cronjob_CleanCombats', '1,2,3,4,5,6,7,8,9,10,11,12', '1,2,3,4,5,6,7,8,9,10,11,12,13,14,15,16,17,18,19,20,21,22,23,24,25,26,27,28,29,30,31', '4', '2', '30', NULL, NULL, 1);

DROP TABLE IF EXISTS `bengine_engine`;
CREATE TABLE IF NOT EXISTS `bengine_engine` (
  `engineid` int(4) unsigned NOT NULL,
  `factor` int(3) unsigned NOT NULL DEFAULT '0',
  PRIMARY KEY (`engineid`)
) ENGINE=InnoDB DEFAULT CHARSET=utf8;

INSERT INTO `bengine_engine` (`engineid`, `factor`) VALUES
(20, 10),
(21, 20),
(22, 30);

DROP TABLE IF EXISTS `bengine_events`;
CREATE TABLE IF NOT EXISTS `bengine_events` (
  `eventid` int(10) unsigned NOT NULL auto_increment,
  `parent_id` int(10) unsigned NULL default NULL,
  `mode` int(2) unsigned NOT NULL,
  `start` int(10) unsigned NOT NULL,
  `time` int(10) unsigned NOT NULL,
  `planetid` int(10) unsigned NULL default NULL,
  `user` int(9) unsigned NOT NULL,
  `destination` int(10) unsigned NULL default NULL,
  `data` text NOT NULL,
  `protected` tinyint(1) unsigned NOT NULL default '0',
  `prev_rc` varchar(16) NULL default NULL,
  PRIMARY KEY  (`eventid`),
  KEY `parent_id` (`parent_id`),
  KEY `mode` (`mode`),
  KEY `planetid` (`planetid`),
  KEY `user` (`user`),
  KEY `destination` (`destination`)
) ENGINE=InnoDB DEFAULT CHARSET=utf8;

CREATE TABLE IF NOT EXISTS `bengine_event_type` (
  `event_type_id` int(10) unsigned NOT NULL AUTO_INCREMENT,
  `code` varchar(255) NOT NULL,
  `base_type` varchar(255) NOT NULL,
  PRIMARY KEY (`event_type_id`)
) ENGINE=InnoDB DEFAULT CHARSET=utf8;

INSERT INTO `bengine_event_type` (`event_type_id`, `code`, `base_type`) VALUES
(1, 'build', 'construct'),
(2, 'demolish', 'construct'),
(3, 'research', 'construct'),
(4, 'shipyard', 'construct'),
(5, 'shipyard', 'construct'),
(6, 'position', 'fleet'),
(7, 'transport', 'fleet'),
(8, 'colonize', 'fleet'),
(9, 'recycling', 'fleet'),
(10, 'attack', 'fleet'),
(11, 'espionage', 'fleet'),
(12, 'allianceAttack', 'fleet'),
(13, 'halt', 'fleet'),
(14, 'moonDestruction', 'fleet'),
(15, 'placeholder', 'fleet'),
(16, 'missileAttack', 'fleet'),
(17, 'holding', 'fleet'),
(18, 'alliedFleet', 'fleet'),
(20, 'return', 'fleet');

DROP TABLE IF EXISTS `bengine_fleet2assault`;
CREATE TABLE IF NOT EXISTS `bengine_fleet2assault` (
  `assaultid` int(13) unsigned NOT NULL,
  `participantid` bigint(20) unsigned NOT NULL,
  `userid` int(9) unsigned NULL DEFAULT NULL,
  `unitid` int(3) unsigned NOT NULL,
  `quantity` int(9) unsigned NOT NULL DEFAULT '0',
  `mode` tinyint(1) unsigned NOT NULL DEFAULT '0',
  KEY `assaultid` (`assaultid`),
  KEY `participantid` (`participantid`),
  KEY `userid` (`userid`),
  KEY `unitid` (`unitid`)
) ENGINE=InnoDB DEFAULT CHARSET=utf8;

DROP TABLE IF EXISTS `bengine_folder`;
CREATE TABLE IF NOT EXISTS `bengine_folder` (
  `folder_id` int(10) unsigned NOT NULL AUTO_INCREMENT,
  `label` varchar(128) NOT NULL,
  `userid` int(9) unsigned DEFAULT NULL,
  `is_standard` tinyint(1) unsigned NOT NULL DEFAULT '0',
  `class` varchar(250) NOT NULL,
  PRIMARY KEY (`folder_id`),
  KEY `userid` (`userid`)
) ENGINE=InnoDB DEFAULT CHARSET=utf8 AUTO_INCREMENT=7;

INSERT INTO `bengine_folder` (`folder_id`, `label`, `userid`, `is_standard`, `class`) VALUES
(1, 'PLAYER_MESSAGES', NULL, 1, 'bengine/user'),
(2, 'OUTBOX', NULL, 1, 'bengine/user'),
(3, 'FLEET_REPORTS', NULL, 1, 'bengine/system'),
(4, 'ESPIONAGE_REPORTS', NULL, 1, 'bengine/system'),
(5, 'BATTLE_REPORTS', NULL, 1, 'bengine/combat'),
(6, 'ALLIANCE_MESSAGES', NULL, 1, 'bengine/alliance');

DROP TABLE IF EXISTS `bengine_formation_invitation`;
CREATE TABLE IF NOT EXISTS `bengine_formation_invitation` (
  `eventid` int(10) unsigned NOT NULL,
  `userid` int(9) unsigned NOT NULL,
  KEY `eventid` (`eventid`),
  KEY `userid` (`userid`)
) ENGINE=InnoDB DEFAULT CHARSET=utf8;

DROP TABLE IF EXISTS `bengine_galaxy`;
CREATE TABLE IF NOT EXISTS `bengine_galaxy` (
  `galaxy` int(3) unsigned NOT NULL,
  `system` int(4) unsigned NOT NULL,
  `position` int(2) unsigned NOT NULL,
  `metal` int(12) unsigned NOT NULL DEFAULT '0',
  `silicon` int(12) unsigned NOT NULL DEFAULT '0',
  `planetid` int(10) unsigned NULL DEFAULT NULL,
  `moonid` int(10) unsigned NULL DEFAULT NULL,
  `destroyed` tinyint(1) unsigned NOT NULL DEFAULT '0',
  KEY `planetid` (`planetid`),
  KEY `moonid` (`moonid`)
) ENGINE=InnoDB DEFAULT CHARSET=utf8;

DROP TABLE IF EXISTS `bengine_group2permission`;
CREATE TABLE IF NOT EXISTS `bengine_group2permission` (
  `permissionid` int(4) unsigned NOT NULL,
  `groupid` int(3) unsigned NOT NULL,
  `value` tinyint(1) unsigned NOT NULL DEFAULT '0',
  UNIQUE KEY `permissionid` (`permissionid`,`groupid`)
) ENGINE=InnoDB DEFAULT CHARSET=utf8;

INSERT INTO `bengine_group2permission` (`permissionid`, `groupid`, `value`) VALUES
(1, 2, 1),
(2, 2, 1),
(3, 2, 1),
(1, 1, 0),
(2, 1, 0),
(3, 1, 0),
(1, 3, 0),
(2, 3, 0),
(3, 3, 0),
(1, 4, 0),
(2, 4, 1),
(3, 4, 0),
(4, 1, 0),
(4, 2, 1),
(4, 3, 0),
(4, 4, 0),
(5, 1, 0),
(5, 2, 1),
(5, 3, 0),
(5, 4, 0),
(6, 1, 0),
(6, 2, 1),
(6, 3, 0),
(6, 4, 1);

DROP TABLE IF EXISTS `bengine_languages`;
CREATE TABLE IF NOT EXISTS `bengine_languages` (
  `languageid` int(4) unsigned NOT NULL auto_increment,
  `title` varchar(128) NOT NULL,
  `langcode` varchar(12) NOT NULL,
  `charset` varchar(15) NOT NULL,
  PRIMARY KEY  (`languageid`)
) ENGINE=InnoDB  DEFAULT CHARSET=utf8;

INSERT INTO `bengine_languages` (`languageid`, `title`, `langcode`, `charset`) VALUES
(1, 'Deutsch', 'de', 'utf-8');

DROP TABLE IF EXISTS `bengine_loginattempts`;
CREATE TABLE IF NOT EXISTS `bengine_loginattempts` (
  `time` int(10) unsigned NOT NULL,
  `ip` varchar(16) NOT NULL,
  `username` varchar(255) NULL
) ENGINE=InnoDB DEFAULT CHARSET=utf8;

DROP TABLE IF EXISTS `bengine_message`;
CREATE TABLE IF NOT EXISTS `bengine_message` (
  `msgid` int(10) unsigned NOT NULL auto_increment,
  `mode` int(1) unsigned NOT NULL,
  `time` int(10) unsigned NOT NULL,
  `sender` int(9) unsigned NULL default NULL,
  `receiver` int(9) unsigned NOT NULL,
  `message` text NOT NULL,
  `subject` varchar(255) NOT NULL,
  `read` tinyint(1) unsigned NOT NULL DEFAULT '0',
  PRIMARY KEY  (`msgid`),
  KEY `sender` (`sender`),
  KEY `receiver` (`receiver`)
) ENGINE=InnoDB DEFAULT CHARSET=utf8;

CREATE TABLE IF NOT EXISTS `bengine_news` (
  `news_id` smallint(6) unsigned NOT NULL AUTO_INCREMENT,
  `language_id` int(4) unsigned NOT NULL,
  `title` varchar(255) DEFAULT NULL,
  `text` text,
  `user_id` int(9) unsigned DEFAULT NULL,
  `time` int(10) unsigned NOT NULL DEFAULT '0',
  `enabled` tinyint(1) unsigned NOT NULL DEFAULT '0',
  `sort_index` int(8) unsigned NULL DEFAULT NULL,
  PRIMARY KEY (`news_id`),
  KEY `language_id` (`language_id`),
  KEY `user_id` (`user_id`)
) ENGINE=InnoDB DEFAULT CHARSET=utf8;

INSERT INTO `bengine_news` (`news_id`, `title`, `text`, `user_id`, `time`, `enabled`, `language_id`) VALUES
(1, 'Sample News #1:', 'Lorem ipsum dolor sit amet, consetetur sadipscing elitr, sed diam nonumy eirmod tempor invidunt ut labore et dolore magna aliquyam.', NULL, 1258839317, 1, 1),
(2, 'Sample News #2:', 'Erat, sed diam voluptua. At vero eos et accusam et justo duo dolores et ea rebum. Stet clita kasd gubergren.', NULL, 1258839317, 1, 1);

DROP TABLE IF EXISTS `bengine_page`;
CREATE TABLE IF NOT EXISTS `bengine_page` (
  `pageid` int(4) unsigned NOT NULL auto_increment,
  `position` char(1) NOT NULL,
  `languageid` int(4) unsigned NOT NULL,
  `displayorder` int(4) unsigned NOT NULL DEFAULT '0',
  `title` varchar(32) NOT NULL,
  `label` varchar(32) CHARACTER SET utf8 NOT NULL,
  `link` varchar(128) NOT NULL,
  `content` text character set utf8 collate utf8_bin NULL,
  PRIMARY KEY  (`pageid`),
  KEY `languageid` (`languageid`)
) ENGINE=InnoDB DEFAULT CHARSET=utf8;

DROP TABLE IF EXISTS `bengine_password`;
CREATE TABLE IF NOT EXISTS `bengine_password` (
  `userid` int(9) unsigned NOT NULL,
  `password` varchar(32) NOT NULL,
  `time` int(10) unsigned NOT NULL DEFAULT '0',
  UNIQUE KEY `userid` (`userid`)
) ENGINE=InnoDB DEFAULT CHARSET=utf8;

DROP TABLE IF EXISTS `bengine_permissions`;
CREATE TABLE IF NOT EXISTS `bengine_permissions` (
  `permissionid` int(4) unsigned NOT NULL auto_increment,
  `permission` varchar(255) NOT NULL,
  PRIMARY KEY  (`permissionid`)
) ENGINE=InnoDB DEFAULT CHARSET=utf8;

INSERT INTO `bengine_permissions` (`permissionid`, `permission`) VALUES
(1, 'CAN_EDIT_CONSTRUCTIONS'),
(2, 'CAN_MODERATE_USER'),
(3, 'CAN_EDIT_USER'),
(4, 'HAS_AI_ACCESS'),
(5, 'CAN_SWITCH_USER'),
(6, 'CAN_EDIT_PROFILES');

DROP TABLE IF EXISTS `bengine_phrases`;
CREATE TABLE IF NOT EXISTS `bengine_phrases` (
  `phraseid` int(10) unsigned NOT NULL auto_increment,
  `languageid` int(4) unsigned NOT NULL,
  `phrasegroupid` int(4) unsigned NOT NULL,
  `title` varchar(128) NOT NULL,
  `content` varchar(10000) NULL,
  PRIMARY KEY  (`phraseid`),
  KEY `languageid` (`languageid`),
  KEY `phrasegroupid` (`phrasegroupid`)
) ENGINE=InnoDB  DEFAULT CHARSET=utf8;

INSERT INTO `bengine_phrases` (`languageid`, `phrasegroupid`, `title`, `content`) VALUES
(1, 1, 'ACCOUNT_WILL_BE_DELETED', 'Der Account wird demn&auml;chst gel&ouml;scht!'),
(1, 1, 'ADD_TO_BUDDYLIST', 'Zur Freundeliste hinzuf&uuml;gen'),
(1, 1, 'ALLIANCE', 'Allianz'),
(1, 1, 'ALLIANCE_ATTACK', 'Verbandsangriff'),
(1, 1, 'ATTACK', 'Angreifen'),
(1, 1, 'BACK', 'Zur&uuml;ck'),
(1, 1, 'BASIC_PRODUCTION', 'Grundproduktion'),
(1, 1, 'CHARACTERS', 'Zeichen'),
(1, 1, 'COLONIZE', 'Kolonisieren'),
(1, 1, 'COLONY', 'Kolonie'),
(1, 1, 'COMMIT', 'Los!'),
(1, 1, 'CONFIRM_PROCEEDING', 'Bist du wirklich sicher?'),
(1, 1, 'DATE_FORMAT', 'd.m.Y'),
(1, 1, 'DECIMAL_POINT', ','),
(1, 1, 'EDIT', 'Bearbeiten'),
(1, 1, 'EMAIL', 'E-Mail'),
(1, 1, 'ENERGY', 'Energie'),
(1, 1, 'ERROR', 'Fehler'),
(1, 1, 'EXTERN_LINK', 'Sie verlassen nun {config}pagetitle{/config}. Bitte beachten Sie, dass {config}pagetitle{/config} nicht f&uuml;r den Inhalt der folgenden Webinhalte verantwortlich ist.'),
(1, 1, 'F_NEW_MESSAGE', '(1 neue Nachricht)'),
(1, 1, 'F_NEW_MESSAGES', '(%d neue Nachrichten)'),
(1, 1, 'FIRST', 'erste'),
(1, 1, 'HALT', 'Halten'),
(1, 1, 'HOME_PLANET', 'Heimatplanet'),
(1, 1, 'HYDROGEN', 'Wasserstoff'),
(1, 1, 'LAST', 'letzte'),
(1, 1, 'LEVEL', 'Stufe'),
(1, 1, 'MAXIMUM', 'Max.'),
(1, 1, 'MENU_ALLIANCE', 'Allianz'),
(1, 1, 'MENU_CONSTRUCTIONS', 'Geb&auml;ude'),
(1, 1, 'MENU_DEFENSE', 'Verteidigung'),
(1, 1, 'MENU_FLEET', 'Flotte'),
(1, 1, 'MENU_FORUMS', 'Forum'),
(1, 1, 'MENU_FRIENDS', 'Freunde'),
(1, 1, 'MENU_GALAXY', 'Galaxie'),
(1, 1, 'MENU_LOGOUT', 'Logout'),
(1, 1, 'MENU_MAIN', 'Zentrale'),
(1, 1, 'MENU_MESSAGES', 'Nachrichten'),
(1, 1, 'MENU_PREFERENCES', 'Einstellungen'),
(1, 1, 'MENU_RANKING', 'Ranking'),
(1, 1, 'MENU_RESEARCH', 'Forschung'),
(1, 1, 'MENU_RESOURCE', 'Ressourcen'),
(1, 1, 'MENU_SEARCH', 'Suche'),
(1, 1, 'MENU_SHIPYARD', 'Schiffswerft'),
(1, 1, 'MENU_STATISTICS', 'Statistiken'),
(1, 1, 'MENU_TECHTREE', 'Techtree'),
(1, 1, 'MENU_TUTORIAL', 'Tutorial'),
(1, 1, 'METAL', 'Metall'),
(1, 1, 'MOON', 'Mond'),
(1, 1, 'NEXT', 'n&auml;chste'),
(1, 1, 'NO_MATCHES_FOUND', 'Keine &Uuml;bereinstimmungen gefunden'),
(1, 1, 'OK', 'Ok'),
(1, 1, 'OTHER', 'Sonstiges'),
(1, 1, 'PASSWORD', 'Passwort'),
(1, 1, 'PLANET', 'Planet'),
(1, 1, 'PLANET_FREE', 'Frei'),
(1, 1, 'PREVIOUS', 'vorherige'),
(1, 1, 'PROCEED', '&Uuml;bernehmen'),
(1, 1, 'PRODUCTION', 'Produktion'),
(1, 1, 'RECYCLING', 'Recyceln'),
(1, 1, 'RETURN_FLY', 'R&uuml;ckflug'),
(1, 1, 'ROCKET_ATTACK', 'Raketenangriff'),
(1, 1, 'SILICON', 'Silizium'),
(1, 1, 'SPY', 'Spionieren'),
(1, 1, 'STATIONATE', 'Stationieren'),
(1, 1, 'TF', 'TF'),
(1, 1, 'THOUSANDS_SEPERATOR', '.'),
(1, 1, 'TIME_FORMAT', 'H:i:s'),
(1, 1, 'TODAY', '<strong>Heute</strong>'),
(1, 1, 'TOMORROW', '<strong>Morgen</strong>'),
(1, 1, 'TRANSPORT', 'Transport'),
(1, 1, 'UMODE_ENABLED', 'Der Account befindet sich im Urlaubsmodus.'),
(1, 1, 'UNKOWN', 'Unbekannt'),
(1, 1, 'USER', 'Benutzer'),
(1, 1, 'USERNAME', 'Benutzername'),
(1, 1, 'WIKI', 'Wiki'),
(1, 1, 'WRITE_MESSAGE', 'Nachricht schreiben'),
(1, 1, 'YESTERDAY', '<strong>Gestern</strong>'),
(1, 2, 'ACCOUNT_BANNED', 'Dieses Konto wurde gesperrt. Der Moderator hat folgenden Grund angegebenen: {@banReason}<br/>Weitere Informationen findest du im {@pilloryLink}.'),
(1, 2, 'ACTIVATION_FAILED', 'Die Aktivierung ist fehlgeschlagen: Entweder das Konto ist bereits aktiviert, oder der Aktivierungs-Code war falsch.'),
(1, 2, 'CANNOT_DELETE_HOMEPLANET', 'Der Heimatplanet kann nicht aufgegeben werden, da der Planet der Regierungssitz deines Imperiums ist.'),
(1, 2, 'CANNOT_DELETE_PLANET', 'Die Kolonie kann nicht aufgegeben werden. Bedenke, dass keine Flottenaktivit&auml;ten auf diesem Planeten vorhanden sein d&uuml;rfen.'),
(1, 2, 'CANNOT_DELETE_RELATIONSHIP', 'Keine Berechtigung diese Beziehung zu beenden.'),
(1, 2, 'ENTER_FORMATION_NAME', 'Der Verbandsname darf nicht leer sein.'),
(1, 2, 'ERROR_WITH_DOPLOMACY_APPLICATION', 'Der Antrag konnte nicht versendet werden. Beachte, dass das Nachrichtfeld nicht leer sein darf.'),
(1, 2, 'HOMEPAGE_INVALID', 'Das ist keine g&uuml;ltiges Homepage.'),
(1, 2, 'IPADDRESS_INVALID', 'IP-Adresse ung&uuml;ltig'),
(1, 2, 'LOGO_INVALID', 'Das ist kein g&uuml;ltiges Logo.'),
(1, 2, 'MAX_FORMATION_DELAY_EXCEEDED', 'Die Flotte verz&ouml;gert den Verbandsangriff zu stark.'),
(1, 2, 'MAX_FORMATION_FLEETS_EXCEEDED', 'Maximale Anzahl Flotten in einem Verband &uuml;berschritten.'),
(1, 2, 'MAX_FORMATION_USER_EXCEEDED', 'Maximale Anzahl Spieler in einem Verband &uuml;berschritten.'),
(1, 2, 'MESSAGE_TOO_LONG', 'Die Nachricht ist zu lang. Es sind maximal {config}MAX_PM_LENGTH{/config} Zeichen erlaubt.'),
(1, 2, 'MESSAGE_TOO_SHORT', 'Nachricht zu kurz.'),
(1, 2, 'NOT_ENOUGH_CAPACITY', 'Die Flotte besitzt nicht genug Laderaum.'),
(1, 2, 'NO_MATCHES_ALLIANCE', 'Die Allianz wurde nicht gefunden.'),
(1, 10, 'NO_SHIPS_SELECTED', 'Es wurden keine Schiffe ausgew&auml;hlt.'),
(1, 2, 'PLANET_FULLY_DEVELOPED', 'Der Planet ist bereits voll ausgebaut.'),
(1, 2, 'SELF_MESSAGE', 'Du kannst dir selbst keine Nachricht senden.'),
(1, 2, 'SENT_SUCCESSFUL', 'Die Nachricht wurde erfolgreich versendet.'),
(1, 2, 'SUBJECT_TOO_LONG', 'Der Betreff ist zu lang.'),
(1, 2, 'SUBJECT_TOO_SHORT', 'Der Betreff ist zu kurz.'),
(1, 2, 'TEXT_INVALID', 'Der Text ist zu lang.'),
(1, 2, 'UNABLE_TO_INVITE_USER', 'Der Benutzer existiert nicht oder kann nicht eingeladen werden.'),
(1, 2, 'USER_NOT_FOUND', 'Der Benutzer existiert nicht.'),
(1, 2, 'WRONG_PASSWORD', 'Das angegebene Passwort ist nicht korrekt.'),
(1, 2, 'INSUFFICIENT_RESOURCES', 'Deine Rohstoffe reichen nicht aus.'),
(1, 3, 'ABANDON_PLANET', 'Planet aufgeben'),
(1, 3, 'APPROX', 'ca.'),
(1, 3, 'AVAILABLE_VERSION', 'Verf&uuml;gbare Version:'),
(1, 3, 'CHANGES', '&Auml;nderungen'),
(1, 3, 'DEBRIS', 'Tr&uuml;mmerfeld'),
(1, 3, 'EVENTS', 'Ereignisse'),
(1, 3, 'FLEET_MESSAGE_FORMATION', '<p>Verbandsflotte von %s vom Planeten %s %s: %s</p>'),
(1, 3, 'FLEET_MESSAGE_HOLDING_1', 'Deine Flotte ({@fleet}) vom Planeten {@planet} {@coords} befindet sich in der Umlaufbahn des Planeten {@target} {@targetcoords}.<br />\\r\\nGelagerte Ressourcen: {@metal} Metall, {@silicon} Silizium und {@hydrogen} Wasserstoff.'),
(1, 3, 'FLEET_MESSAGE_HOLDING_2', 'Eine fremde Flotte ({@fleet}) von {@username} {@message} vom Planeten {@planet} {@coords} befindet sich in der Umlaufbahn des Planeten {@target} {@targetcoords}.'),
(1, 3, 'FLEET_MESSAGE_OTHER', 'Eine fremde Flotte ({@fleet}) von {@username} {@message} vom Planeten {@planet} {@coords} erreicht deinen Planet {@target} {@targetcoords}. Ihr Auftrag lautet: {@mission}.'),
(1, 3, 'FLEET_MESSAGE_OWN', 'Deine Flotte ({@fleet}) vom Planeten {@planet} {@coords} erreicht den Planeten {@target} {@targetcoords}. Ihre Mission lautet: {@mission}.<br />\r\nGelagerte Ressourcen: {@metal} Metall, {@silicon} Silizium und {@hydrogen} Wasserstoff.'),
(1, 3, 'FLEET_MESSAGE_RETURN', 'Deine Flotte ({@fleet}) kehrt von {@planet} {@coords} zur&uuml;ck zum Planeten {@target} {@targetcoords}. Ihr Auftrag lautete: {@mission}.<br />\r\nGelagerte Ressourcen: {@metal} Metall, {@silicon} Silizium und {@hydrogen} Wasserstoff.'),
(1, 3, 'FLEET_MESSAGE_ROCKET_ATTACK', 'Deine {@rockets} Raketen vom Planeten {@planet} {@coords} erreicht den Planeten {@target} {@targetcoords}.'),
(1, 3, 'FLEET_MESSAGE_ROCKET_ATTACK_FOREIGN', 'Feindliche Raketen ({@rockets}) von {@username} {@message} vom Planeten {@planet} {@coords} erreichen deinen Planeten {@target} {@targetcoords}.'),
(1, 3, 'INBOX', 'Postfach'),
(1, 3, 'INVALID_PLANET_NAME', 'Der Planetenname enth&auml;lt ung&uuml;ltige Zeichen oder ist zu kurz.'),
(1, 3, 'NEW_PLANET_NAME', 'Planeten umbennen'),
(1, 3, 'NEWS_AND_INFO', 'News und Infos'),
(1, 3, 'PLANETDIAMETER', 'Durchmesser'),
(1, 3, 'PLANET_OPTIONS', 'Planeten Optionen'),
(1, 3, 'POINTS', 'Punkte'),
(1, 3, 'POSITION', 'Position'),
(1, 3, 'RANK_OF_USERS', '{@rank} von {@totalUsers}'),
(1, 3, 'RELEASE', 'Release'),
(1, 3, 'SERVER_TIME', 'Serverzeit'),
(1, 3, 'STAR_SUR_MSG', 'Eine fremde Flotte ({@fleet}) von {@username} vom Planeten {@planet} {@coords} n&auml;hrt sich dem Planeten {@target} {@targetcoords}. Ihr Auftrag lautet: {@mission}'),
(1, 3, 'STAR_SUR_MSG_RETURN', 'Eine fremde Flotte ({@fleet}) kehrt vom Planeten {@planet} {@coords} zur&uuml;ck zum Planeten {@target} {@targetcoords}. Ihr Auftrag lautete: {@mission}'),
(1, 3, 'TEMPERATURE', 'H&ouml;chst-Temperatur'),
(1, 4, 'ABORT', 'Abbrechen'),
(1, 4, 'BATTLE_SHIP', 'Schlachtschiff'),
(1, 4, 'BATTLE_SHIP_DESC', 'Nach dem der Kreuzer im Universum zu popul&auml;r wurde, entwickelten einige Forscher ein Raumschiff, das speziell f&uuml;r den Kampf gegen Kreuzer gemacht wurde: Das Schlachtschiff.'),
(1, 4, 'BATTLE_SHIP_FULL_DESC', 'In der Schreckensherrschaft des Kreuzers suchte man verzweifelt nach einer L&ouml;sung, die der brachialen Feuerkraft des Kreuzers trotzen konnte. Forscher und Ingenieure entwarfen ein Schiff, welches noch st&auml;rker gepanzert war, aber immer noch mit der Feuerkraft mithalten konnte. Das Schlachtschiff vereint diese beiden Technologien und ist mit starken Laserkanonen ausgestattet, die speziell gegen Kreuzer entwickelt sind. Dieses Schiff sollte der Todfeind des ber&uuml;hmten Kreuzers sein.'),
(1, 4, 'BOMBER', 'Bomber'),
(1, 4, 'BOMBER_DESC', 'Der Bomber wurde entwickelt, um die wachsenden Verteidigungsanlagen im Universum unter Kontrolle zu halten.'),
(1, 4, 'BOMBER_FULL_DESC', 'Viele Planeten setzten zur Zeit des Schlachtschiffs auf eine starke Verteidigung. Es stellte sich meist eine dicht besetzte Wand aus Raketenwerfern, Lasern und Plasmawerfern der Flotte entgegen. Aus diesem Grund wurde ein Schiff gebaut, das st&auml;rkere Panzerungen und Schilde besa&szlig;, um dem Feuer standhalten zu k&ouml;nnen. Auch die Feuerkraft wurde stark verbessert, so setzt der Bomber Laserpr&auml;zisionstechnik mit Plasmabomben gegen feindliche Verteidigungsanlagen, ohne direkt Schaden zu nehmen.\r\nEinziger Nachteil: Der Bomber ist extrem langsam.'),
(1, 4, 'COLONY_SHIP', 'Kolonieschiff'),
(1, 4, 'COLONY_SHIP_DESC', 'Dieses sehr langsame Raumschiff wird auf unbewohnte Planeten gesendet, um diesen als Kolonie zu erschlie&szlig;en.'),
(1, 4, 'COLONY_SHIP_FULL_DESC', 'Das Kolonieschiff ist darauf ausgelegt, alle wichtigen Hilfsmittel mobilisieren zu k&ouml;nnen, die f&uuml;r den Aufbau einer neuen Zivilisation wichtig sind. Da dies ber&uuml;cksichtigt werden musste, wurden die Triebwerke zur Nebensache, da man den Platz f&uuml;r Rohstoffe, Roboter und der Besatzung brauchte. Sobald ein Kolonieschiff einen Planeten erreicht, beginnt es sofort mit der Erschlie&szlig;ung einer neuen Kolonie, die sich dem Imperium anschlie&szlig;t.'),
(1, 4, 'COMBUSTION_ENGINE', 'Verbrennungstriebwerk'),
(1, 4, 'COMBUSTION_ENGINE_DESC', 'Diese Technologie findet vor allem bei kleineren Raumschiffen verwendung. Sie erm&ouml;glicht geringen Treibstoffverbrauch bei hoher Geschwindigkeit.'),
(1, 4, 'COMBUSTION_ENGINE_FULL_DESC', 'Das Verbrennungstriebwerk ist eine sehr alte aber bew&auml;hrte Antriebsform, welche nicht gerade effizient, jedoch platzsparend ist und kaum Wartung ben&ouml;tigt. Es findet sich oft in kleineren Schiffen wieder, die nicht allzu gro&szlig;e Triebwerke ben&ouml;tigen. F&uuml;r folgende Schiffe erh&ouml;ht sich die Leistung um 10% des Grundwertes pro Stufe:<br />\r\nKleine und gro&szlig;e Transporter, Leichte J&auml;ger, Recycler und Spionagesonden.'),
(1, 4, 'COMPUTER_TECH', 'Computertechnik'),
(1, 4, 'COMPUTER_TECH_DESC', 'Je besser die Computer, desto mehr Flotten k&ouml;nnen gleichzeitig kontrolliert werden. Jede Stufe erh&ouml;ht daher die maximale Anzahl verf&uuml;gbarer Missionen um eins.'),
(1, 4, 'COMPUTER_TECH_FULL_DESC', 'Bei der weiterentwicklung der Computertechnik, werden die Computer ausgebaut, um mehr Flotten gleichzeitig steuern zu k&ouml;nnen.\r\nMit dem weiteren Ausbauen der Rechner, erh&ouml;ht sich die Anzahl f&uuml;r die kontrollierenden Flotten.\r\nEs ist sehr wichtig schon bei einer geringen Punktezahl, diese Forschung mit der Zeit immer weiter\r\nzu erforschen.'),
(1, 4, 'CONTINUE', 'Weiter'),
(1, 4, 'CRUISER', 'Kreuzer'),
(1, 4, 'CRUISER_DESC', 'Der Kreuzer ist ber&uuml;chtigt f&uuml;r seine enorme Feuerst&auml;rke. Es gibt nur wenige Raumschiffe, die es mit ihm aufnehmen k&ouml;nnen.'),
(1, 4, 'CRUISER_FULL_DESC', 'Als die Herrscher die Fregatte erfolgreich einsetzen konnten, mangelte es noch immer an einem schlagkr&auml;ftigen Schiff, das die Kampfkraft in den Vordergrund stellt. Der Kreuzer war die gesuchte L&ouml;sung und sollte sp&auml;ter das Zentrum aller gef&uuml;rchteten Raumflotten bilden. Dieses Schiff ist zwar in Sachen Ladekapazit&auml;t und Geschwindigkeit der Fregatte unterlegen, jedoch hat die Fregatte an Waffensysteme, Panzerung und Schilden nichts entgegenzusetzen. Der Kreuzer forderte schon viele Opfer, die kl&auml;glich daran scheiterten sich zu verteidigen.'),
(1, 4, 'DEATH_STAR', 'Todesstern'),
(1, 4, 'DEATH_STAR_DESC', 'Der Todesstern gilt als das m&auml;chtigste Raumschiff des Universiums. Seine Feuerkraft reicht sogar aus, um einen ganzen Planeten zu zerst&ouml;ren.'),
(1, 4, 'DEATH_STAR_FULL_DESC', 'Den Todesstern kann man nicht mehr wirklich als Raumschiff bezeichnen, denn er ist so gro&szlig; wie ein Mond und so imposant wie eine Zerst&ouml;rerarmee. Dieses Bollwerk ist &auml;u&szlig;erst schwer zu knacken und verf&uuml;gt &uuml;ber sehr gro&szlig;e Lagerkapazit&auml;ten und einer fast unbesiegbaren Gravitonenkanone.<br />\r\nWer dieser gigantischem Raumstation gegen&uuml;bersteht braucht eine riesige Flotte und jede Menge Mut. Der Todesstern wird oft als Verteidigung genutzt, da er sehr langsam ist. Doch sollte er einmal angreifen, kann ihn wenig aufhalten, da seine Feuerkraft sogar ausreicht um Monde auszul&ouml;schen.'),
(1, 4, 'DEMOLISH', 'Abrei&szlig;en:'),
(1, 4, 'DEMOLISH_NOW', '&laquo; Jetzt Abrei&szlig;en &laquo;'),
(1, 4, 'ENERGY_TECH', 'Energietechnik'),
(1, 4, 'ENERGY_TECH_DESC', 'Haltet die Energietechnik immer auf den neusten Stand, um eine m&ouml;glichst gro&szlig;e Energieauslastung zu gew&auml;hrleisten und somit die Wege zu &ouml;ffnen f&uuml;r neue Technologien.'),
(1, 4, 'ENERGY_TECH_FULL_DESC', 'Die Energietechnik wird erforscht, um gewonnene Energie noch effizienter nutzen zu k&ouml;nnen. Da Techniken wie Laser, Ionen und Plasma wie auch Forschungen f&uuml;r Antriebe viel Energie ben&ouml;tigen, muss die Energietechnik verbessert werden, um h&ouml;her entwickelte Technologien realsieren zu k&ouml;nnen. Die Energie, die f&uuml;r Geb&auml;ude ben&ouml;tigt wird, gewinnt jedoch keinen Vorteil.'),
(1, 4, 'ESPIONAGE_SENSOR', 'Spionagesonde'),
(1, 4, 'ESPIONAGE_SENSOR_DESC', 'Die Spionagesonde ist kein richtiges Raumschiff, denn es wird besatzungslos zu bewohnten Planeten gesendet, um deren wirtschaftlichen und milit&auml;rischen Status auszuspionieren.'),
(1, 4, 'ESPIONAGE_SENSOR_FULL_DESC', 'Spionagesonden sind kleine Aufkl&auml;rungsdrohnen, die feindliche Planeten aussp&auml;hen und die Informationen an den Heimatplaneten zur&uuml;ck senden. Je nach Verbesserung der Technik kann die Sonde mehr oder weniger Daten &uuml;ber den feindlichen Planten aufnehmen. Da das Sammeln von Informationen riskant war und man die Informationen meist schnell brauchte, besitzt die Sonde ledlich das n&ouml;tigste an Technik. Das Risiko vom feindlichen Flottenkommando entdeckt zu werden ist relativ gro&szlig;, daher wurde die Sonde mit einem besonders schnellem Triebwerk ausgestattet.'),
(1, 4, 'FRIGATE', 'Fregatte'),
(1, 4, 'FRIGATE_DESC', 'Dieses Raumschiff wird vor allem wegen seiner Geschwindigkeit gesch&auml;tzt. Er gilt als modernster J&auml;ger und sollte in keiner galaktischen Flotte fehlen.'),
(1, 4, 'FRIGATE_FULL_DESC', 'Die Fregatte sollte als eine v&ouml;llig neue Art der Kriegsschiffe entwickelt werden. Er war viel besser als jede J&auml;ger-Klasse, da er mit neuartigen Waffen, starken Schilden und noch nie da gewesenen Antrieben best&uuml;ckt wurde. Mit diesem Schiff wurde es m&ouml;glich, den gro&szlig;en J&auml;gerverb&auml;nden zu konkurrieren.'),
(1, 4, 'GAUSS_GUN', 'Gau&szlig;kanone'),
(1, 4, 'GAUSS_GUN_DESC', 'Die Gau&szlig;kanone basiert auf Elektromagnetischen Wellen, die w&auml;hrend einer Schlacht auf die feindlichen Schiffe gefeuert werden. Sie zeichnet sich besonders durch ihre ausgezeichnete Feuerkraft aus.'),
(1, 4, 'GAUSS_GUN_FULL_DESC', 'Gau&szlig; ist eine Einheit, die angibt wie stark Materie angezogen bzw. abgesto&szlig;en wird. Bei der Gau&szlig;kanone werden riesige Mengen Energie gebraucht um Massive Bl&ouml;cke derart stark zu beschleunigen, dass feindliche Schiffe von der Masse einfach durchbohrt werden. Das Feuer dieses Gesch&uuml;tzes ist selbst in weiter Entfernung noch zu sp&uuml;ren.'),
(1, 4, 'GRAVI', 'Gravitationsforschung'),
(1, 4, 'GRAVI_DESC', 'Gravitation bezeichnet auch die Anziehung von Massen. So wird beispielsweise die Planetenlaufbahn von der Gravitation bestimmt.<br />\r\nDer Hintergrund zur Forschung ist die Entwicklung einer ultimativen Waffe, die sich die Eigenschaften der Gravitation zu Nutze macht.'),
(1, 4, 'GRAVI_FULL_DESC', 'Gravitationstechnik bezeichnet die Kr&ouml;nung aller Waffensysteme. Die Gravitationstechnik ist die Waffe des gef&uuml;rchteten Todessterns. Hierbei wird ein Strahl abgefeuert, der beim Auftreffen sehr viele Gravitonen erzeugt. Sie wandeln sich f&uuml;r den Bruchteil einer Sekunde zu einem Schwarzen Loch um. Die Gravitationskraft bleibt zwar nur kurz bestehen, jedoch k&ouml;nnen durch die Kraftwelle sogar Monde v&ouml;llig zerst&ouml;rt werden.'),
(1, 4, 'GUN_TECH', 'Waffentechnik'),
(1, 4, 'GUN_TECH_DESC', 'Die Entwicklung von Waffentechnik steigert die Feuerkraft aller Einheiten.'),
(1, 4, 'GUN_TECH_FULL_DESC', 'Die Waffentechnik kann ausgebaut werden, um die Feuerkraft der Flotten zu erh&ouml;hen.\r\nBei einer Schlacht ist es immer von Vorteil, den h&ouml;heren Waffenwert zu besitzen, da die Gegnerische Flotte sicher h&ouml;here Verluste erleidet. Jede erforschte Stufe erh&ouml;hrt die Feuerkraft um 10% des Grundwertes. '),
(1, 4, 'HYDROGEN_LAB', 'Wasserstofflabor'),
(1, 4, 'HYDROGEN_LAB_FULL_DESC', 'Mit Hilfe des Dampfreformierungs Verfahrens wird das wertvolle Wasserstoff vom Element Wasser getrennt. Dabei wird das Wasser zusammen mit Methan erhitzt und das Produkt aus Kohlenstoffmonoxid und Wasserstoff weiter verarbeitet.<br />\r\n<br />\r\nDie Formel des oben beschriebenen Verfahrens lautet: CH<sub>4</sub> + H<sub>2</sub>O &#8646; CO + 3 H<sub>2</sub>'),
(1, 4, 'HYDROGEN_PLANT', 'Fusionskraftwerk'),
(1, 4, 'HYDROGEN_PLANT_FULL_DESC', 'Das Prinzip des Fusionskraftwerk ist relativ simpel: Zwei Atomkerne, ein Deuteriumkern und ein Tritiumkern, werden zu einem neuen Atomkern verschmolzen. Die dabei freigesetzte W&auml;rme wird dann zur Energieproduktion verwendet.<br />\r\n<br />\r\nSowohl Deuterium als auch Tritium werden als nat&uuml;rliche Isotope des Wasserstoffs bezeichnet und werden somit auch aus Wasserstoff gewonnen.'),
(1, 4, 'HYDROGEN_STORAGE', 'Wasserstofftank'),
(1, 4, 'HYDROGEN_STORAGE_FULL_DESC', 'Der Wasserstofftank kann ebenso ausgeaut werden, um die Kapazit&auml;ten der Wasserstoffproduktion zu erh&ouml;hen. Da Wasserstoff langsamer produziert wird, muss der Speicher nicht so weit ausgebaut werden.'),
(1, 4, 'HYPERSPACE_ENGINE', 'Hyperraumantrieb'),
(1, 4, 'HYPERSPACE_ENGINE_DESC', 'Der Hyperraumantrieb ist in der Lage selbst die gr&ouml;&szlig;ten Raumschiffe mit Lichtgeschwindigkeit reisen zu lassen. Er ist au&szlig;erdem der schnellste bekannte Antrieb in der Raumfahrtechnik.'),
(1, 4, 'HYPERSPACE_ENGINE_FULL_DESC', 'Beim Hyperraumantrieb wird sehr viel mehr Maschinerie ben&ouml;tigt, als bei allen anderen Antrieben. Hier wird kein R&uuml;cksto&szlig; erzeugt, sondern der Raum gekr&uuml;mmt und somit stark zusammengedr&uuml;ckt. Diese viel k&uuml;rzere Strecke l&auml;sst sich nun viel schneller bew&auml;ltigen und ist besonders f&uuml;r gro&szlig;e und stark bewaffnete Schiffe geeignet. Folgende Schiffe werden um 30% ihres Grundwertes pro Stufe schneller:<br />\r\nSchlachtschiffe, Kreuzer, Sternenzerst&ouml;rer, Todessterne und ab Stufe 8 auch Bomber.'),
(1, 4, 'HYPERSPACE_TECH', 'Hyperraumtechnik'),
(1, 4, 'HYPERSPACE_TECH_DESC', 'Die Hyperraumtechnik erm&ouml;glicht die Entwicklung eines neuartigen Antriebs, der Raumschiffe mit Lichtgeschwindigkeit reisen l&auml;sst.'),
(1, 4, 'HYPERSPACE_TECH_FULL_DESC', 'Diese Forschung ist der Grundbaustein des Hyperraumantriebs. Hierbei wird festgestellt wie man Treibstoff und Energie wirksam nutzen kann, um Lichtgeschwindigkeit zu erreichen.'),
(1, 4, 'IGN', 'Intergalaktisches Forschungsnetzwerk'),
(1, 4, 'IGN_DESC', 'Dieses System wird genutzt um 2 Forschungslabore miteinander zu verbinden und somit doppelt so schnell forschen zu k&ouml;nnen.'),
(1, 4, 'IGN_FULL_DESC', 'Bei dieser Technologie handelt es sich lediglich um eine Vernetzung mit bereits ausgebauten und bestehenden Forschungslaboren. Mit Hilfe dieses Netzwerks k&ouml;nnen Forschungseinrichtungen zusammen Technologien schneller weiterentwickeln. Pro Stufe kann ein weiteres Labor verbunden werden.'),
(1, 4, 'IMPULSE_ENGINE', 'Impulstriebwerk'),
(1, 4, 'IMPULSE_ENGINE_DESC', 'Mittelgro&szlig;e Schiffe werden mit diesem Triebwerk ausgestattet. Es ist relativ langsam, verringert dadurch aber den Verbrauch.'),
(1, 4, 'IMPULSE_ENGINE_FULL_DESC', 'Das Impulstriebwerk verwendet einen Kernreaktor, der ein Schiff mittels des R&uuml;cksto&szlig;prinzips vorw&auml;rts bewegen l&auml;sst. Es wird Strahlenmasse in Energie umgewandelt und somit eine Bewegung erzeugt. Dieser Antrieb ist damit wesentlich sparsamer als andere. Folgende Schiffe werden pro Stufe um 20% des Grundwertes schneller:<br />\r\nBomber, Kolonieschiffe, Schwere J&auml;ger und Fregatten.'),
(1, 4, 'INTERCEPTOR_ROCKET', 'Abfangrakete'),
(1, 4, 'INTERCEPTOR_ROCKET_DESC', 'Eine Rakete, die ausschlie&szlig;lich den Planeten vor feindlichen Raketenangriffen sch&uuml;tzt.'),
(1, 4, 'INTERCEPTOR_ROCKET_FULL_DESC', 'Die Abfangrakete ist die einzige M&ouml;glichkeit einer gro&szlig;en Zerst&ouml;rung durch Interplanetarraketen zu entgehen. Sobald eine Interplanetarrakete auf dem Radar lokalisiert wird, startet das Flottenkommando automatisch eine Abfangrakete um diese zu zerst&ouml;ren. Aus diesem Grund sollten immer gen&uuml;gend Abfangraketen im Lager stehen, denn von Interplanetarraketen zerst&ouml;rte Verteidigung l&auml;sst sich nicht mehr reparieren.'),
(1, 4, 'INTERPLANETARY_ROCKET', 'Interplanetarrakete'),
(1, 4, 'INTERPLANETARY_ROCKET_DESC', 'Diese Rakete zielt auf die feindlichen Verteidigungsanlagen. Dabei ist so so schnell, dass sie nur noch von anderen Raketen aufgehalten werden kann.'),
(1, 4, 'INTERPLANETARY_ROCKET_FULL_DESC', 'Mit der Zeit wurde es sogar f&uuml;r Bomber eine wahre Herausforderung, die gegnerische Verteidigungsanlagen zu durchdringen. Auch wenn sie stark gepanzert waren reichte dies bald nicht mehr aus. Man entschloss sich, keine weitere Flotten mehr zu opfern und entwickelte die Interplanetarrakete. Diese Rakete zielt speziell nur auf die Verteidigung und richtet verheerenden Schaden an. Pro Stufe des Impulstriebwerks kann die Rakete weiter fliegen.'),
(1, 4, 'ION_GUN', 'Ionengesch&uuml;tz'),
(1, 4, 'ION_GUN_DESC', 'Ionengesch&uuml;tze gelten als Konkurrent der Laser-basierten Verteidigungsanlagen. Sie sind zwar st&auml;rker gepanzert, daf&uuml;r leidet die Feuerkraft darunter.'),
(1, 4, 'ION_GUN_FULL_DESC', 'Das Ionengesch&uuml;tz ist eine andere Art der Strahlentechnik. Sie unterscheidet sich vom Laser, da hier Ionenentladungen abgefeuert werden und kein starker Lichtstrahl. Diese Methode wird auch als Waffe auf Schiffen verwendet, da Schilde nicht sofort auf diesen Waffentyp ausgerichtet sind. Mit st&auml;rkeren Schilden konnte das Ionengesch&uuml;tz l&auml;nger feindlichem Feuer standhalten.'),
(1, 4, 'ION_TECH', 'Ionentechnik'),
(1, 4, 'ION_TECH_DESC', 'Durch positiv oder negativ aufgelade Molek&uuml;le (Ionen) k&ouml;nnen sogenannte Ionenstrahlen enstehen, die die Kraft besitzen Objekte mit enormer Zerst&ouml;rungskraft zu vernichten.'),
(1, 4, 'ION_TECH_FULL_DESC', 'Dies ist im Prinzip nur eine Weiterentwicklung des Lasers. Positiv und Negativ geladene Molek&uuml;le (Ionen) werden mit gro&szlig;em Energieaufwand beschleunigt und in einem Strahl abgeschossen. Dieser Strahl kann gro&szlig;e Sch&auml;den anrichten, weswegen man ihn nicht untersch&auml;tzen sollte. '),
(1, 4, 'LARGE_SHIELD', 'Gro&szlig;e Schildkuppel'),
(1, 4, 'LARGE_SHIELD_DESC', 'Die Gro&szlig;e Schildkuppel erschafft eine dicke Schildschicht um den Planten und sch&uuml;tzt somit auch einen Gro&szlig;teil der eigenen Flotte.'),
(1, 4, 'LARGE_SHIELD_FULL_DESC', 'Mit immer st&auml;rkeren Waffen- und Strahlentechniken wurde es schwer, einen Schild aufrechtzuerhalten und es gelang Gegnern immer &ouml;fter den Schild zu durchbrechen. Darum musste man die Schilde verst&auml;rken und die Generatoren aufr&uuml;sten. Nun konnte die vergr&ouml;&szlig;erte Schildkuppel mehr Sch&uuml;sse absobieren.'),
(1, 4, 'LARGE_TRANSPORTER', 'Gro&szlig;er Transporter'),
(1, 4, 'LARGE_TRANSPORTER_DESC', 'Erm&ouml;glicht den Transport von gro&szlig;en Mengen Ressourcen.'),
(1, 4, 'LARGE_TRANSPORTER_FULL_DESC', 'Der gro&szlig;e Transporter ist die weiterentwickelte Form des kleinen Transporters. Als man erkannte, dass die kleinen Transporter in bezug auf Treibstoff und Geschwindigkeit nicht mehr so rentabel waren, entwickelte man ein neues Schiff mit mehr Laderaum und st&auml;rkeren Antrieben.'),
(1, 4, 'LASER_TECH', 'Lasertechnik'),
(1, 4, 'LASER_TECH_DESC', 'Hier wird die Verwendung von Laserstrahlen als Waffe erforscht und weiter verbessert.'),
(1, 4, 'LASER_TECH_FULL_DESC', 'Mit dieser Technologie werden Laser erforscht, die selbst Metall problemlos schneiden k&ouml;nnen. Ein Laser (= <b>L</b>ight <b>A</b>mplification by <b>S</b>timulated <b>E</b>mission of <b>R</b>adiation) ist nichts anderes als stark intesivierter Lichtstrahl. Bei Weiterentwicklung k&ouml;nnen noch st&auml;rkere Verteidigungsanlagen gebaut werden und sogar Schiffe damit ausger&uuml;stet werden.'),
(1, 4, 'LIGHT_FIGHTER', 'Leichter J&auml;ger'),
(1, 4, 'LIGHT_FIGHTER_DESC', 'Ein leicht bewaffneter J&auml;ger.'),
(1, 4, 'LIGHT_FIGHTER_FULL_DESC', 'Der leichte J&auml;ger war das erste Kampfschiff, dass im Weltraum f&uuml;r Kriege verwendet wurde. Es besitzt eine leichte Panzerung und relativ schwache Waffensysteme, ist jedoch bei st&auml;rkeren Imperatoren immer noch eine sehr beliebte Schussfangmethode.'),
(1, 4, 'LIGHT_LASER', 'Leichtes Lasergesch&uuml;tz'),
(1, 4, 'LIGHT_LASER_DESC', 'Eine schwache Verteidigungsm&ouml;glichkeit, die einfache Lasersch&uuml;sse auf feindliche Raumschiffe feuert.'),
(1, 4, 'LIGHT_LASER_FULL_DESC', 'Da der Raketenwerfer nach einiger Zeit zu schwach war um noch rentablen Schaden auszuteilen bzw. als effektiver Schussfang zu agieren, verbesserte man Panzerungen und Schusskraft und entwickelte das Lasergesch&uuml;tz. Es war zielsicherer und leichter Instand zu halten als der Raketenwerfer.'),
(1, 4, 'METALMINE', 'Metallmine'),
(1, 4, 'METALMINE_FULL_DESC', 'Metallminen sind die Hauptrohstofflieferanten f&uuml;r den Bau tragender Strukturen von Bauwerken und Schiffen. Metall ist der billigste Rohstoff, daf&uuml;r wird er mehr ben&ouml;tigt als die anderen. Metall braucht zur Herstellung am wenigsten Energie. Je gr&ouml;&szlig;er die Minen ausgebaut sind, desto tiefer sind sie. Bei den meisten Planeten befindet sich das Metall in gro&szlig;er Tiefe, durch diese tieferen Minen k&ouml;nnen mehr Metalle abgebaut werden, die Produktion steigt. Gleichzeitig muss f&uuml;r die gr&ouml;&szlig;ere Metallmine mehr Energie zur Verf&uuml;gung gestellt werden. Metall ist mit der wichtigste Baustoff, deshalb sollte die Metallmine in der Regel immer etwas h&ouml;her ausgebaut sein als das Siliziumlabor. Als Richtwert kann man in der Anfangszeit von etwa 2 Stufen Unterschied ausgehen, sofern man &uuml;bliche Schiffe oder Minen bauen m&ouml;chte.'),
(1, 4, 'METAL_STORAGE', 'Metallspeicher'),
(1, 4, 'METAL_STORAGE_FULL_DESC', 'Da die Minen nur einen begrenzten Speicher f&uuml;r die gewonnenen Rohstoffe zur Verf&uuml;gung stellen, k&ouml;nnen gro&szlig;e Tanks gebaut werden um das &uuml;bersch&uuml;ssige Metal vorr&uuml;bergehend zu lagern.'),
(1, 4, 'MOON_BASE', 'Mondbasis'),
(1, 4, 'MOON_BASE_DESC', 'Die Mondbasis wird ben&ouml;tigt um die Mondoberfl&auml;che St&uuml;ck f&uuml;r St&uuml;ck bebauen zu k&ouml;nnen.'),
(1, 4, 'MOON_BASE_FULL_DESC', 'Da bei gro&szlig;en Schlachten oftmals Tr&uuml;mmerfelder von abgeschossenen Schiffen zur&uuml;ck bleibt, kann es passieren, dass sich diese Tr&uuml;mmer zu einem gro&szlig;en Trabanten vereinen. Da man diesen Mond nicht ungenutzt lassen wollte, entwickelte man die Mondbasis um technisch n&uuml;tzliche Bauwerke errichten zu k&ouml;nnen.'),
(1, 4, 'NANO_FACTORY', 'Nanitenfabrik'),
(1, 4, 'NANO_FACTORY_FULL_DESC', 'Die Nanitenfabrik ist ein sehr wichtiger Bestandteil jedes h&ouml;her entwickelten Planetens. Hier werden sogenannte  Naniten hergestellt. Diese winzigen Roboter sind im stande die Bauzeit von Geb&auml;uden und Raumschiffen extrem zu verk&uuml;rzen. Mit jeder Stufe der Fabrik, halbiert sich die Bauzeit.'),
(1, 4, 'PLASMA_GUN', 'Plasmawerfer'),
(1, 4, 'PLASMA_GUN_DESC', 'Der Plasmawerfer ist die brillianteste Erfindung im Bereich Verteidigung. Schilde und Feuerkraft balancieren gut und sie sind sogar in der Lage gro&szlig;en Schaden an Todessternen zu verursachen.'),
(1, 4, 'PLASMA_GUN_FULL_DESC', 'Als wirksame Verteidigung sah man schon immer Laser und Ionenanlagen, doch nun versuchte man, beide Techniken in einer Waffe zu vereinen. Als dies gelungen ist, war der Plasmawerfer als Verteidigung der schwerste Gegner aller feindlicher Flotten. Beim Plasmawerfer werden gegnerische Schilde so stark belastet, dass sie oftmals zu stark strapaziert werden und ausfallen.'),
(1, 4, 'PLASMA_TECH', 'Plasmatechnik'),
(1, 4, 'PLASMA_TECH_DESC', 'Wird ein Festk&ouml;rper durch einen stark fokusierten Laserstrahl erhitzt, entsteht ein ionisiertes Gas. Diesen Zustand des Gases nennt man Plasma. Plasma wird h&auml;ufig als Waffe in einigen Raumschiffen eingesetzt.'),
(1, 4, 'PLASMA_TECH_FULL_DESC', 'Sobald man ein bestimmtes Material mit einem Laser oder durch Strahlung erhitzt, entsteht ein hochgradig gef&auml;hrlich ionisiertes Gas - das Plasma. Plasma ist, neben fest-, fl&uuml;ssig- und gasf&ouml;rmig, der vierte bekannte Materiezustand. Plasma kann sich in nur wenigen Millisekunden in einem Lichtbogen entladen, welcher gro&szlig;en Schaden anrichten kann. Dies wird f&uuml;r Werkzeuge, als auch f&uuml;r Waffen genutzt.'),
(1, 4, 'PRODUCTION_TIME', 'Produktionsdauer:'),
(1, 4, 'RECYCLER', 'Recycler'),
(1, 4, 'RECYCLER_DESC', 'Recycler sind in der Lage intergalaktischen Schrott aufzusammeln und diesen zu einem gro&szlig;en Teil wieder in brauchbare Rohstoffe umzuwandeln.'),
(1, 4, 'RECYCLER_FULL_DESC', 'Da nach gro&szlig;en Raumschlachten viele Tr&uuml;mmerteile der zerst&ouml;rten Raumschiffe nutzlos umherflogen, bauten Ingenieure ein Schiff, welches die Tr&uuml;mmer einsammeln, speichern und wiederverwerten konnte. Die Triebwerke, Waffen und Panzerungen sind au&szlig;er Acht gelassen worden, um mit einem Flug m&ouml;glichst viele Rohstoffe bergen zu k&ouml;nnen.'),
(1, 4, 'REQUIRES', 'Ben&ouml;tigt:'),
(1, 4, 'RESEARCH_LAB', 'Forschungslabor'),
(1, 4, 'RESEARCH_LAB_FULL_DESC', 'In dieser Einrichtung werden die neusten und modernsten Forschungen entdeckt und weiterentwickelt. Sie erm&ouml;glicht es die Waffen und Schilde aller Schiffe zu verbessern und leistungsf&auml;higere Antriebe zu entwickeln. Je gr&ouml;&szlig;er das Forschungslabor ist, desto schneller k&ouml;nnen diese Technologien erforscht werden. '),
(1, 4, 'RESEARCH_LAB_REQUIRED', 'Es wird ein Forschungslabor ben&ouml;tigt um zu forschen.'),
(1, 4, 'RESEARCH_LAB_UPGRADING', 'Das Forschungslabor wird gerade ausgebaut. Forschung ist derzeit nicht m&ouml;glich.'),
(1, 4, 'ROBOTIC_FACTORY', 'Roboterfabrik'),
(1, 4, 'ROBOTIC_FACTORY_FULL_DESC', 'Der Roboterbau basiert auf dem neusten Stand der Technik. Hier werden Roboter konstruiert, die den Geb&auml;udebau beschleunigen sollen. Je weiter die Roboterfarbik ausgebaut ist, desto mehr Roboter k&ouml;nnen hergestellt werden. Bei einer h&ouml;heren Stufe und entsprechender Computerleistung, k&ouml;nnen sogar Nanogro&szlig;e Bots gebaut werden, die den Ausbau der Geb&auml;ude erheblich verk&uuml;rzen.'),
(1, 4, 'ROCKET_LAUNCHER', 'Raketenwerfer'),
(1, 4, 'ROCKET_LAUNCHER_DESC', 'Eine schwache Verteidigungsm&ouml;glichkeit, die mit einfachen Raketen auf feindliche Raumschiffe schie&szlig;t.'),
(1, 4, 'ROCKET_LAUNCHER_FULL_DESC', 'Der Raketenwerfer ist das am leichtesten zu bauende Abwehrmittel. Es feuert mit schwachen Raketen auf die Gegner, wobei dies selten der Zweck des Raketenwerfers ist. Seine eigentliche Aufgabe ist es, die schwere Verteidigung zu sch&uuml;tzen und als Schussfang zu agieren, da seine Herstellungskosten sehr gering sind.'),
(1, 4, 'ROCKET_STATION', 'Raketenstation'),
(1, 4, 'ROCKET_STATION_DESC', 'Hier werden Raketen gelagert.'),
(1, 4, 'ROCKET_STATION_FULL_DESC', 'Die Raketenstation ist ein Lagerplatz f&uuml;r die hergestellten Abfang- und Interplanetarraketen. Sie muss bei steigender Raketenanzahl immer weiter ausgebaut werden um alle Raketen unterbringen zu k&ouml;nnen. Pro Stufe lassen sich 10 Abfangraketen oder 5 Interplanetarrakete einlagern.'),
(1, 4, 'SHELL_TECH', 'Raumschiffpanzerung'),
(1, 4, 'SHELL_TECH_DESC', 'Verbessert die Flexibilit&auml;t und Stabilit&auml;t der Panzerung von allen Raumschiffen. Jede Stufe erh&ouml;ht die Panzerung um 10% des Grundwertes.'),
(1, 4, 'SHELL_TECH_FULL_DESC', 'Die Raumschiffspanzerung verbessert die H&uuml;lle der Flotte um Angriffe mit weniger Schaden zu &uuml;berleben. Eine Flotte mit einer st&auml;rkeren Panzerung erleidet weniger Verluste als die feindliche Flotte. Jede Stufe erh&ouml;ht die Panzerung um 10% des Grundwertes.'),
(1, 4, 'SHIELD_TECH', 'Schildtechnik'),
(1, 4, 'SHIELD_TECH_DESC', 'Diese Forschung versucht die Schilde aller Einheiten effizienter mit Energie zu versorgen und dadurch die Schildst&auml;rke zu steigern.'),
(1, 4, 'SHIELD_TECH_FULL_DESC', 'Die Forschung der Schildtechnik macht die Schilde der Flotte noch effizienter und st&auml;rker. Angriffe dringen nicht mehr so leicht durch und gegnerische Schiffe haben es somit schwerer, der eigenen Flotte zu schaden.\r\nDie Schildtechnik erh&ouml;ht sich pro Stufe um 10% des Grundwertes. Selbst w&auml;hrend eines Fluges werden Schiffe bei Fertigstellung mit dem neuen Level ausger&uuml;stet.'),
(1, 4, 'SHIPYARD', 'Schiffswerft'),
(1, 4, 'SHIPYARD_FULL_DESC', 'In der Schiffswerft, werden s&auml;mtliche Schiffe und Transporter hergestellt. Da Sie zu gro&szlig; w&auml;re um sie auf dem Planeten zu bauen und der Platz ben&ouml;tigt wird, schwebt sie im Orbit und setzt dort die einzelnen Bauteile zusammen. Je gr&ouml;&szlig;er eine Schiffswerft ausgebaut ist, desto gr&ouml;&szlig;ere Schiffe k&ouml;nnen mit h&ouml;herer Geschwindigkeit gebaut werden.'),
(1, 4, 'SHIPYARD_REQUIRED', 'Es wird eine Schiffswerft ben&ouml;tigt.'),
(1, 4, 'SHIPYARD_UPGRADING', 'Die Schiffswerft oder Nanitenfabrik wird gerade ausgebaut. Der Bau von Schiffen ist derzeit nicht m&ouml;glich.'),
(1, 4, 'SILICON_LAB', 'Siliziumlabor'),
(1, 4, 'SILICON_LAB_FULL_DESC', 'Im Siliziumlabor wird der bekannte Rohstoff aus Sand gewonnen. Der verarbeitet Rohstoff selbst findet sich in allen elektronischen Ger&auml;ten und Anlagen, da er als Halbleiter-Bauelement in nahezu allen elektronischen Schaltungen gebraucht wird.<br />\r\n<br />\r\nEin weiteres Einsatzgebiet ist die Photovoltaik. Solarzellen jeder Art werden aus dem Grundstoff Silizium hergestellt.'),
(1, 4, 'SILICON_STORAGE', 'Siliziumspeicher'),
(1, 4, 'SILICON_STORAGE_FULL_DESC', 'Im Siliziumspeicher werden &uuml;bersch&uuml;ssige Mengen Silizum f&uuml;r den sp&auml;teren Gebrauch gelagert.'),
(1, 4, 'SMALL_SHIELD', 'Kleine Schildkuppel'),
(1, 4, 'SMALL_SHIELD_DESC', 'Eine d&uuml;nnes Schild, das den Planeten vor schw&auml;cheren Sch&uuml;ssen sch&uuml;tzt.'),
(1, 4, 'SMALL_SHIELD_FULL_DESC', 'Um feindlichem Feuer zu entgehen, wurden erstmals Generatoren auf dem Planeten gebaut, welche ein starkes Kraftfeld um den Planeten aufbauen. Dieser Schild musste erst durchbrochen werden um der feindlichen Flotte und Verteidigung schaden zu k&ouml;nnen. In der Zeit war es m&ouml;glich aus dem Schild heraus das Feuer zu erwidern und die Feinde in die Flucht zu schlagen.'),
(1, 4, 'SMALL_TRANSPORTER', 'Kleiner Transporter'),
(1, 4, 'SMALL_TRANSPORTER_DESC', 'Kann kleinere Mengen Ressourcen transportieren.'),
(1, 4, 'SMALL_TRANSPORTER_FULL_DESC', 'Der kleine Transporter wird meistens als erstes auf neuen Planeten gebaut. Er ist dazu da, Rohstoffe von einem Planeten zu einem anderen zu schicken. Da Laderaum sehr wichtig ist, wurde auf Panzerung sowie Waffen fast ganz verzichtet.'),
(1, 4, 'SOLAR_PLANT', 'Solarkraftwerk'),
(1, 4, 'SOLAR_PLANT_FULL_DESC', 'Das Solarkraftwerk dient als Energielieferant. Alle Minen ben&ouml;tigen Energie um Ressourcen zu produzieren. Es liefert, im Gegensatz zu den Solarsatelliten, seine Energie unabh&auml;ngig von der Planetentemperatur. Solarkraftwerke sind die Basis jeder planetaren Energieversorgung - sie liefern zuverl&auml;ssig (und abgesehen von ihren Baukosten) kostenlose Energie. '),
(1, 4, 'SOLAR_SATELLITE', 'Solarsatellit'),
(1, 4, 'SOLAR_SATELLITE_DESC', 'Diese Schiffsart wird in die Planetenumlaufbahn geschossen, um von dort Sonnenenergie f&uuml;r den Planeten zu sammeln. '),
(1, 4, 'SOLAR_SATELLITE_FULL_DESC', 'Solarsatelliten werden in die Umlaufbahn des Planeten geschossen, wo sie zun&auml;chst verbleiben, um die Energie der Sonne einzufangen. Sie sind billig und verbrauchen keinen zus&auml;tzlichen Platz auf dem Planeten, sind daf&uuml;r aber ein sehr beliebtes Angriffsziel feindlicher Schiffe. Die gewonnene Energiemenge h&auml;ngt von der Entfernung des Planeten zur Sonne ab. Je n&auml;her der Planet an der Sonne ist, um so mehr Energie kann &uuml;bertragen werden.'),
(1, 4, 'SPYWARE', 'Spionagetechnik'),
(1, 4, 'SPYWARE_DESC', 'Wird zum ausspionieren feindlicher Planeten verwendet. Je h&ouml;her die Stufe, desto mehr k&ouml;nnen Sonden bei einer Spionageaktion sehen.'),
(1, 4, 'SPYWARE_FULL_DESC', 'Bei der Spionagetechnik werden die M&ouml;glichkeiten verbessert,\r\ndie eine Spionagesonde bei ihrem Rundflug braucht um mehr Informationen &uuml;ber den Planeten\r\nzusammeln. Je h&ouml;her die Spionagetechnik erforscht wird, desto gr&ouml;&szlig;er ist die Informationsmenge.\r\nDie Spionagetechnik tr&auml;gt auch dazu bei, dass die Sonden nicht so leicht entdeckt und von feindlicher\r\nFlotte abgeschossen werden. '),
(1, 4, 'STAR_DESTROYER', 'Sternzerst&ouml;rer'),
(1, 4, 'STAR_DESTROYER_DESC', 'Der Sternzerst&ouml;rer ist der K&ouml;nig unter den Kriegsraumschiffen. Feuerkraft sowie Schilde lehren den Feinden das F&uuml;rchten. Qualit&auml;t hat aber ihren Preis ...'),
(1, 4, 'STAR_DESTROYER_FULL_DESC', 'Schlachtschiffe und Bomber waren bisher die f&uuml;hrende Offensivmacht in Verbindung mit viel Schussfang. Doch bald war die Vielzahl dieser Einheiten ein gro&szlig;er Produktionswettkampf. Es sollte ein Schiff gebaut werden welches gr&ouml;&szlig;er, st&auml;rker, belastbarer und furchteinfl&ouml;&szlig;ender war als je eines zuvor. Somit wurde der Sternzerst&ouml;rer entwickelt. Er ist die Kr&ouml;nung der Raumschiffe, da er unglaublich viel Feuerkraft mit viel Panzerung und Schilden vereinte, jedoch auf einem neuen Level mit enormer Genauigkeit und nahezu jeder Art von Waffensystemen. Sein einziges Manko ist jedoch seine Man&ouml;vrierf&auml;higkeit; Durch seine enorme Gr&ouml;&szlig;e verbraucht er um einiges mehr als ein anderes Schiff. Doch sein Ruf bleibt bestehen. Wer solch ein Schiff sieht, sollte mit dem Schlimmsten rechnen.'),
(1, 4, 'STAR_GATE', 'Star Gate'),
(1, 4, 'STAR_GATE_DESC', 'Das Star Gate erm&ouml;glicht das Vesetzen einer ganzen Flotte auf einen anderen Mond.'),
(1, 4, 'STAR_GATE_FULL_DESC', 'Auf einem Mond kann ein Stargate errichtet werden, um riesige Flotte nicht mehr &uuml;ber lange Strecken fliegen lassen zu m&uuml;ssen. Die Spritkosten w&auml;ren einfach zu hoch gewesen, daher kann man unter enormen Energieaufwand ein Portal &ouml;ffnen um die Flotte praktisch zu "teleportieren". Leider ben&ouml;tigt das Portal einige Zeit zum Energien sammeln zu k&ouml;nnen und es wird ein zweites Portal ben&ouml;tigt.'),
(1, 4, 'STAR_SURVEILLANCE', 'Sternen&uuml;berwachung'),
(1, 4, 'STAR_SURVEILLANCE_DESC', 'Mit Hilfe dieser Einrichtung k&ouml;nnen fremde Planeten auf intergalaktische Aktivit&auml;ten &uuml;berpr&uuml;ft werden.'),
(1, 4, 'STAR_SURVEILLANCE_FULL_DESC', 'Die Sternen&uuml;berwachung war ein neuartiges Radarsystem, mit dem man unter enormen Wasserstoff und Energieaufwand, Flotten im Orbit orten und ihre Position genau bestimmen konnte. Dies gab einen taktisch bedeutsamen Vorteil und machte es m&ouml;glich, feindliche Flotten abzufangen und zu karpern. Leider ist diese Technik bei gebrauch sehr teuer und kostspielig auszubauen. Daf&uuml;r erh&ouml;ht sich aber die Reichweite des Radars mit jeder Stufe.'),
(1, 4, 'STORAGE_CAPICITY', 'Speicherkapazit&auml;t'),
(1, 4, 'STRONG_FIGHTER', 'Schwerer J&auml;ger'),
(1, 4, 'STRONG_FIGHTER_DESC', 'Der schwere J&auml;ger hat gegen&uuml;ber seines Vorg&auml;ngers sowohl st&auml;rkere Schilde, als auch erh&ouml;hte Feuerkraft.'),
(1, 4, 'STRONG_FIGHTER_FULL_DESC', 'Als der Leichte J&auml;ger nun &uuml;berall verwendet wurden, musste ein st&auml;rkeres Modell entwickelt werden. Der Schwere J&auml;ger besitzt bessere Schilde, st&auml;rkere Waffensysteme und eine verbesserte Panzerung um den Massen von Leichten J&auml;gern entgegen wirken zu k&ouml;nnen. Durch die gro&szlig;e Anzahl an Waffen, wurde jedoch bei den Triebwerken gespart.'),
(1, 4, 'STRONG_LASER', 'Schweres Lasergesch&uuml;tz'),
(1, 4, 'STRONG_LASER_DESC', 'Als Weiterentwicklung des leichten Lasergesch&uuml;tzes, wurde die Feuerkraft leicht verbessert.'),
(1, 4, 'STRONG_LASER_FULL_DESC', 'Mit der Verbesserung der Schilde kam der Laser immer weniger zurecht. Es war schwerer die Schilde der Angreifer zu durchbrechen, da die Laser zu schwach waren und nach nur wenigen Sch&uuml;ssen explodierten. Es war an der Zeit nachzur&uuml;sten. Der Laser wurde nochmal &uuml;berarbeitet und verst&auml;rkt um den modernen Schilden der Angreifer endlich entgegenwirken zu k&ouml;nnen. Leider mussten die Kosten f&uuml;r den st&auml;rkeren Typ erh&ouml;ht werden.'),
(1, 4, 'TERRA_FORMER', 'Terraformer'),
(1, 4, 'TERRA_FORMER_DESC', 'Dieses Geb&auml;ude begradigt riesige unbrauchbare Landfl&auml;che in bebaubares Gebiet. Die daraus entstehende Fl&auml;che kann zum Bau von neuen Geb&auml;uden verwendet werden.'),
(1, 4, 'TERRA_FORMER_FULL_DESC', 'Mit der Zeit wurde Planeten immer dichter besiedelt, sodass die nutzbare Fl&auml;che immer weniger wurde. Einige Planeten erreichten sogar ihre Grenzen und konnten nicht mehr weiter ausgebaut werden. Um dieses Problem zu beseitigen, entwicklete man eine neue Methode unbrauchbares Land in wirtschaftlich nutzbare Fl&auml;che zu formen. Dabei werden gigantische Mengen an Fels, Erde und Ger&ouml;ll aus Gebirgen entfernt und in das Meer gesch&uuml;ttet. Anschlie&szlig;end konnte die Gebirgsfl&auml;che zum Bau genutzt werden.'),
(1, 5, 'ALREADY_BUILDED', 'Bereits vorhanden'),
(1, 5, 'BUILD', 'Bauen'),
(1, 5, 'BUILDING_AT_WORK', 'Geb&auml;ude arbeitet'),
(1, 5, 'CONSTRUCTION', 'Geb&auml;ude'),
(1, 5, 'CONSTRUCTIONS', 'Geb&auml;ude'),
(1, 5, 'CURRENTLY_IN_WORK', 'Aktueller Auftrag:'),
(1, 5, 'DEFENSE', 'Verteidigung'),
(1, 5, 'HYDROGEN_LAB_DESC', 'Wasserstoff ist der derzeit beste Energiespeicher, den es gibt. Die Herstellung ist zwar teuer und ben&ouml;tigt viel Energie, jedoch fliegen alle Schiffe nur mit Wasserstoff.'),
(1, 5, 'HYDROGEN_PLANT_DESC', 'Eine neuartige Methode um Energie zu gewinnen: Es wird ein Deuterium- und ein Tritiumkern zu einem Heliumkern verschmolzen. Beide Teilchen werden aus Wasserstoff gewonnen.'),
(1, 5, 'HYDROGEN_STORAGE_DESC', 'Erm&ouml;glicht die Lagerung von mehr Wasserstoff.'),
(1, 5, 'METALMINE_DESC', 'Metall ist der Hauptrohstoff zum Bau von Geb&auml;uden und Schiffen.'),
(1, 5, 'METAL_STORAGE_DESC', 'Erm&ouml;glicht die Lagerung von mehr Metall.'),
(1, 5, 'MOON_BUILDING', 'Mondgeb&auml;ude'),
(1, 5, 'NANO_FACTORY_DESC', 'Naniten sind autonome Maschinen im Kleinstformat. Sie steigern die Baugeschwindigkeit von Geb&auml;uden und Schiffen enorm.'),
(1, 5, 'OUTSTANDING_MISSIONS', 'Ausstehende Auftr&auml;ge'),
(1, 5, 'PLANET_FULL', 'Dein Planet ist vollst&auml;ndig ausgebaut.'),
(1, 5, 'QUANTITY', 'Anzahl'),
(1, 5, 'REQUIREMENTS', 'Vorraussetzungen'),
(1, 5, 'RESEARCH', 'Erforschen'),
(1, 5, 'RESEARCH_LAB_DESC', 'In einer solch modernen Forschungseinrichtung werden neuartige Technologien getestet und entwickelt.'),
(1, 5, 'RESEARCH_OF_LEVEL', 'Erforschen von Stufe'),
(1, 5, 'ROBOTIC_FACTORY_DESC', 'Hier werden moderne Roboter produziert, die f&uuml;r den Bau von Geb&auml;uden arbeiten.'),
(1, 5, 'ROCKET_STATION_FULL', 'Raketenstation voll'),
(1, 5, 'SHIPS_EXIST', '%s vorhanden'),
(1, 5, 'SHIPYARD_DESC', 'Die Schiffswerft wird ben&ouml;tigt, um Raumschiffe herzustellen. Je gr&ouml;&szlig;er die Werft ist, desto schneller k&ouml;nnen Schiffe hergestellt werden.'),
(1, 5, 'SHIP_CONSTRUCTION', 'Schiffsbau'),
(1, 5, 'SILICON_LAB_DESC', 'Silizium ist ein Elementhalbleiter und somit bestens geeignet um elektronische Schaltungen zu entwickeln. Silizium befindet sich auch in Computerchips.'),
(1, 5, 'SILICON_STORAGE_DESC', 'Erm&ouml;glicht die Lagerung von mehr Silizium.'),
(1, 5, 'SOLAR_PLANT_DESC', 'Es f&auml;ngt die Energiereichen Sonnenstrahlen auf und leitet den daraus resultierenden Strom an alle Geb&auml;ude weiter.'),
(1, 5, 'UPGRADE_TO_LEVEL', 'Ausbauen auf Stufe'),
(1, 6, 'CAPACITY', 'Speicherkapa.'),
(1, 6, 'CONSUME', 'Verbrauch'),
(1, 6, 'DAILY_PRDOUCTION', 'T&auml;glich'),
(1, 6, 'DIFFERENCE', 'Diff.'),
(1, 6, 'MONTHLY_PRDOUCTION', 'Monatlich'),
(1, 6, 'PRODUCTION', 'Produktion'),
(1, 6, 'PROD_ONE_SOLAR_SATELLITE', 'Energie pro Solarsatellit: {@prodPerSat}'),
(1, 6, 'RESOURCE_PRODUCTION_FOR_PLANET', 'Ressourcen-Produktion f&uuml;r den Planeten:'),
(1, 6, 'SHUT_DOWN', 'Betrieb\\neinstellen'),
(1, 6, 'START_UP', 'Betrieb\\naufnehmen'),
(1, 6, 'SUM', 'Summe'),
(1, 6, 'WEEKLY_PRDOUCTION', 'W&ouml;chentlich'),
(1, 7, 'ACCEPT_AGB', 'Durch klicken auf Sign in werden automatisch die AGBs sowie die Regeln akzeptiert.'),
(1, 7, 'AGB', 'AGB/Regeln'),
(1, 7, 'BOARD', 'Forum'),
(1, 7, 'BOARD_DESC', 'Bei Fragen bekommst du hier den schnellsten Support.'),
(1, 7, 'BULLET_1', 'Kostenlos'),
(1, 7, 'BULLET_2', 'Einsteigerfreundlich'),
(1, 7, 'BULLET_3', 'Spannend'),
(1, 7, 'CHANGE_PASSWORD', 'Passwort &auml;ndern'),
(1, 7, 'DISCLAIMER', 'Impressum'),
(1, 7, 'EMAIL_CHECK', 'Bitte gib eine g&uuml;ltige E-Mail Adresse an.'),
(1, 7, 'EMAIL_CLOSING_SENDER', 'dein {config}pagetitle{/config}-Team'),
(1, 7, 'EMAIL_EXISTS', 'Die E-Mail Adresse ist bereits vergeben.'),
(1, 7, 'EMAIL_GREETINGS', 'Mit besten Grüßen'),
(1, 7, 'EMAIL_INVALID', 'Die E-Mail Adresse ist ung&uuml;ltig.'),
(1, 7, 'EMAIL_NOT_FOUND', 'Die angegebene E-Mail wurde nicht gefunden.'),
(1, 7, 'ERROR_PASSWORD_CHANGED', 'Das Passwort konnte aufgrund falscher Daten nicht ge&auml;ndert werden.'),
(1, 7, 'FORGOTTEN', 'vergessen?'),
(1, 7, 'GAME_DESCRIPTION', 'Am Anfang landest du mit deinem Raumschiff auf einem Planeten in einer zuf&auml;lligen, weit entfernten Galaxie. Dieser Planet verf&uuml;gt &uuml;ber reichhaltige Ressourcen, die du nur noch abbauen musst.'),
(1, 7, 'INFOS_HELP', 'Infos/Hilfe'),
(1, 7, 'LOGIN', 'Login'),
(1, 7, 'LOGIN_FAILED', 'Login fehlgeschlagen'),
(1, 7, 'LOST_PW_HINT_1', 'Hinweise'),
(1, 7, 'LOST_PW_HINT_2', 'Sollten sie ihren Benutzernamen vergessen haben, tragen sie nur die E-Mail Adresse ein. Haben sie das Passwort vergessen muss sowohl der Benutzername, als auch die E-Mail Adresse angegeben werden.'),
(1, 7, 'LOST_PW_SUBJECT_0', '{config}pagetitle{/config}: Benutzername vergessen'),
(1, 7, 'LOST_PW_SUBJECT_1', '{config}pagetitle{/config}: Passwort vergessen'),
(1, 7, 'MAXIMUM_LOGIN_ATTEMPTS_REACHED', 'Maximale Anzahl an Login Versuchen erreicht.'),
(1, 7, 'MAX_USER_REACHED', 'Das Universum hat seine maximale Anzahl an verf&uuml;gbaren Pl&auml;tzen erreicht. Bitte versuche es sp&auml;ter erneut.'),
(1, 7, 'NO_ACCESS', 'Ung&uuml;ltige Session.'),
(1, 7, 'NO_ACTIVATION', 'Der angegebene Benutzer wurde noch nicht aktiviert.'),
(1, 7, 'OPEN_SOURCE', 'Open Source'),
(1, 7, 'PASSWORD_CHANGED', 'Das Passwort wurde erfolgreich ge&auml;ndert.'),
(1, 7, 'PASSWORD_CHECK', 'Das Passwort muss zwischen %d und %d Zeichen enthalten.'),
(1, 7, 'PASSWORD_FORGOTTEN', 'Passwort vergessen'),
(1, 7, 'PASSWORD_INVALID', 'Das Passwort ist ung&uuml;ltig.'),
(1, 7, 'PW_LOST_EMAIL_SUCCESS', 'Dir wird in K&uuml;rze eine E-Mail zugesendet mit weiteren Anweisungen.'),
(1, 7, 'REGISTRATION', 'Registrierung'),
(1, 7, 'REGISTRATION_BANNED_FOR_IP', 'Du hast dich gerade erst registriert. Warte {@minutes} Minuten und versuche es dann erneut.'),
(1, 7, 'REGISTRATION_CLOSED', 'Die Anmeldung bei {config}pagetitle{/config} ist derzeit geschlossen.'),
(1, 7, 'REGISTRATION_MAIL_1', 'danke für deine Anmeldung bei {config}pagetitle{/config}!'),
(1, 7, 'REGISTRATION_MAIL_2', 'Dein Passwort lautet: {@regPassword}'),
(1, 7, 'REGISTRATION_MAIL_3', 'Du musst jetzt deinen Account aktivieren. Klicke dazu auf den unten stehen Link, um die Aktivieren abzuschließen. Sollte der Link nicht anklickbar sein, kopiere ihn in die Adressleiste deines Browsers.'),
(1, 7, 'REGISTRATION_MAIL_4', 'Solltest du noch Fragen haben, kannst du gerne in unserem Forum vorbei schauen.'),
(1, 7, 'REQUEST_DATA', 'Daten anfordern');
INSERT INTO `bengine_phrases` (`languageid`, `phrasegroupid`, `title`, `content`) VALUES
(1, 7, 'REQUEST_PASSWORD_1', 'Solltest du dein Passwort bei {config}pagetitle{/config} vergessen haben, kannst du über den folgenden Link ein neues Passwort setzen:'),
(1, 7, 'REQUEST_PASSWORD_2', 'Hast du dein Passwort nicht vergessen, empfiehlt es sich die E-Mail Adresse in den Account-Einstellungen zu ändern. Der Rechner dieser Anfrage hatte die IP-Adresse {@ipaddress}.'),
(1, 7, 'REQUEST_PASSWORD_3', 'Um den Account ohne Passwortänderung wieder zu aktivieren, verwende bitte den folgenden Link:'),
(1, 7, 'REQUEST_USERNAME_1', 'Solltest du deinen Benutzernamen bei {config}pagetitle{/config} vergessen haben, kannst du dich jetzt wieder anmelden.'),
(1, 7, 'REQUEST_USERNAME_2', 'Benutzername: {@username}'),
(1, 7, 'REQUEST_USERNAME_3', 'Hast du deinen Benutzernamen nicht vergessen, empfiehlt es sich die E-Mail Adresse in den Account-Einstellungen zu ändern. Der Clienet dieser Anfrage hatte die IP-Adresse {@ipaddress}.'),
(1, 7, 'RULES', 'Regeln'),
(1, 7, 'SCREENSHOTS', 'Screenshots'),
(1, 7, 'SCREENSHOT_GALAXY_BROWSER', 'Galaxie-Ansicht'),
(1, 7, 'SCREENSHOT_MAIN_PAGE', 'Home-Seite'),
(1, 7, 'SIGN_IN', 'GO'),
(1, 7, 'SIGN_UP', 'Anmelden'),
(1, 7, 'START_UP_MESSAGE', 'Willkommen bei {config}pagetitle{/config}.\n\nIn {config}pagetitle{/config} sind Rohstoffe ein sehr bedeutsamer Bestandteil des Spiels. Baue also als erstes deine Minen so weit wie m&ouml;glich aus, um Rohstoffe f&uuml;r weitere Stufen zu verdienen. Klicke hierf&uuml;r einfach auf die gr&uuml;ne Schrift unter dem Men&uuml;punkt <i>Geb&auml;ude</i> und baue weiter, sobald die Zeit abgelaufen ist oder wieder Rohstoffe vorhanden sind. Achte jedoch auf deine Energiereserven! Denn ohne Energie kann keine Mine Rohstoffe f&ouml;rdern. Stelle also bevor du eine Mine (aus)baust sicher, dass genug Energie vorhanden ist.\nSolltest du noch Fragen haben, besuche das <a href="{config}HELP_PAGE_URL{/config}">Tutorial</a> oder unser <a href="{config}FORUM_URL{/config}">Forum</a>.\n\nViele Gr&uuml;&szlig;e, dein {config}pagetitle{/config}-Team'),
(1, 7, 'START_UP_MESSAGE_SUBJECT', 'Willkommen {@regUsername}!'),
(1, 7, 'SUCCESS_REGISTRATION', 'Die Registrierung war erfolgreich. Bevor du dich einloggen kannst, musst du deinen Account erst aktivieren. &Ouml;ffne dazu dein E-Mail Postfach und folge den Anweisungen in der E-Mail.'),
(1, 7, 'SUCCESS_REGISTRATION_INST', 'Die Registrierung war erfolgreich. Du kannst dich jetzt mit deinen Zugangsdaten einloggen.'),
(1, 7, 'TERMS_AND_CONDITIONS', 'Allgemeine Gesch&auml;ftsbedingungen'),
(1, 7, 'THE_STORY', 'Geschichte'),
(1, 7, 'TRAILER', 'Trailer'),
(1, 7, 'TUTORIAL_DESC', 'Eine kleine Einsteigerhilfe f&uuml;r Neulinge.'),
(1, 7, 'UNIVERSE', 'Universum'),
(1, 7, 'UNKOWN_LANGUAGE', 'Unbekannte Sprache.'),
(1, 7, 'USERNAME_DOES_NOT_EXIST', 'Der angegebene Benutzer ist nicht vorhanden.'),
(1, 7, 'USERNAME_EXISTS', 'Der Benutzername ist bereits vergeben.'),
(1, 7, 'USERNAME_INVALID', 'Der Benutzername ist ung&uuml;ltig.'),
(1, 7, 'USER_CHECK', 'Der Benutzername muss zwischen %d und %d Zeichen enthalten.'),
(1, 7, 'WELCOME', '{config=pagetitle} ist ein kostenloses Browsergame!'),
(1, 7, 'WIKI_DESC', 'Weiterf&uuml;hrende Tipps und ein umfangreiches Nachschlagewerk.'),
(1, 8, 'ACTIVATED', 'Aktiviert'),
(1, 8, 'ADVANCED_PREFERENCES', 'Erweiterte Einstellungen'),
(1, 8, 'ALPHABETICAL', 'Alphabetisch'),
(1, 8, 'ANNUL', 'Aufheben'),
(1, 8, 'ANNULED', 'Aufgehoben'),
(1, 8, 'BAN', 'Sperren'),
(1, 8, 'BAN_FOR', 'Sperre f&uuml;r'),
(1, 8, 'BAN_USER', 'Benutzer Sperren'),
(1, 8, 'CANNOT_ACTIVATE_UMODE', 'Der Urlaubsmodus kann nur aktiviert werden, wenn nichts gebaut und geforscht und keine Flotten unterwegs sind.'),
(1, 8, 'COORDINATES', 'Koordinaten'),
(1, 8, 'CUSTOM_LOOK', 'Oberfl&auml;chen Optionen'),
(1, 8, 'DAYS', 'Tage'),
(1, 8, 'DELETE_ACCOUNT', 'Account l&ouml;schen'),
(1, 8, 'DELETE_DATE', 'Fr&uuml;hster L&ouml;schtermin am %s'),
(1, 8, 'DISABLE_UMODE', 'Urlaubsmodus deaktivieren'),
(1, 8, 'EMAIL_ACTIVATION', 'Email Aktivierung'),
(1, 8, 'EMAIL_CHANGED', 'Die E-Mail Adresse wurde ge&auml;ndert.'),
(1, 8, 'EMAIL_CHANGED_REVALIDATE', 'Die E-Mail Adresse wurde ge&auml;ndert. Der Account muss nun neu aktiviert werden. Folge den Instruktionen in der versendeten Email.'),
(1, 8, 'EMAIL_EMAIL_MESSAGE', 'du hast deine E-Mail Adrese bei {config=pagetitle} geändert. Die geänderte E-Mail benötigt eine Aktivierung bevor der Account wieder genutzt werden kann. Verwende dazu den unten stehenden Link.'),
(1, 8, 'EMAIL_PASSWORD_MESSAGE_1', 'du hast dein Passwort bei {config=pagetitle} geändert. Das geänderte Passwort benötigt eine Aktivierung bevor es genutzt werden kann. Verwende dazu den unten stehenden Link.'),
(1, 8, 'EMAIL_PASSWORD_MESSAGE_2', 'Dein neues Passwort:'),
(1, 8, 'ESPIONAGE_PROBES', 'Spionagesonden f&uuml;r Galaxy'),
(1, 1, 'SAVE_PLANET_SORTING', 'Sortierung speichern'),
(1, 8, 'EXISTING_BANS', 'Vorhandene Sperren'),
(1, 8, 'FEED', 'Feeds'),
(1, 8, 'FEED_ATOM', 'Atom Feed'),
(1, 8, 'FEED_RSS', 'RSS Feed'),
(1, 8, 'FEED_URLS', 'URL deiner Feeds'),
(1, 8, 'HOURS', 'Stunden'),
(1, 8, 'IP_CHECK_ACTIVATED', 'IP-Check aktiviert?'),
(1, 8, 'LANGUAGE', 'Sprache'),
(1, 8, 'LAST_ACTIVITY', 'Letzte Aktivit&auml;t'),
(1, 8, 'MINUTES', 'Minuten'),
(1, 8, 'MODERATE_USER', 'Benutzer Moderieren'),
(1, 8, 'MODERATOR', 'Moderator'),
(1, 8, 'MONTHS', 'Monate'),
(1, 8, 'NEW_FEED_KEY', 'Neuen Feedkey generieren?'),
(1, 8, 'NEW_PASSWORD', 'Neues Passwort'),
(1, 8, 'NO_BAN_REASON', 'Kein Grund angegeben.'),
(1, 8, 'PASSWORD_ACTIVATION', 'Password Aktivierung'),
(1, 8, 'PASSWORD_CHANEVOLUTIONGED_REVALIDATE', 'Das Passwort wurde ge&auml;ndert. Der Account muss nun neu aktiviert werden. Folge den Instruktionen in der versendeten Email.'),
(1, 8, 'PILLORY', 'Pranger'),
(1, 8, 'PILLORY_FROM', 'von'),
(1, 8, 'PILLORY_TO', 'bis'),
(1, 1, 'EDIT_PLANET_SORTING', 'Planeten sortieren'),
(1, 8, 'REASON', 'Grund'),
(1, 8, 'REGISTRATION_DATE', 'Registrierung'),
(1, 8, 'SWITCH_USER', 'Zu Benutzer wechseln'),
(1, 8, 'TEMPLATE_PACKAGE', 'Template Paket'),
(1, 8, 'TEMP_EMAIL', 'Tempor&auml;re E-Mail'),
(1, 8, 'THEME', 'Eigenes Theme'),
(1, 8, 'THEME_HINT', 'Freilassen, um das Standard-Theme zu verwenden.'),
(1, 8, 'UMODE_DATE', 'Urlaubsmodus bis min. %s'),
(1, 8, 'UMODE_DISABLED', 'Der Urlaubsmodus wurde entfernt. Alle Rohstoffproduktionen wurden wieder in Betrieb genommen.'),
(1, 8, 'UMODE_PREFERENCES', 'Urlaubsmodus'),
(1, 8, 'USERNAME_CHANGED', 'Der Benutzername wurde erfolgreich ge&auml;ndert.'),
(1, 8, 'USER_DATA', 'Benutzerdaten'),
(1, 8, 'USER_GROUP', 'Benutzergruppe'),
(1, 8, 'VACATION_MODE', 'Urlaubsmodus aktivieren'),
(1, 8, 'VACATION_WARNING', 'Hinweis: Nach Aktivierung kann der Urlaubsmodus fr&uuml;hestens wieder nach 2 Tage abgeschaltet werden.'),
(1, 8, 'WEEKS', 'Wochen'),
(1, 8, 'YEARS', 'Jahre'),
(1, 9, 'ACTIONS', 'Aktionen'),
(1, 9, 'ALL', 'Alle'),
(1, 9, 'ALLIANCE_PAGE', 'Allianzseite'),
(1, 9, 'BANNED', 'Gesperrt'),
(1, 9, 'CONFEDERATION', 'B&uuml;ndnis'),
(1, 9, 'DEBRIS', 'Tr&uuml;mmerfeld'),
(1, 9, 'DEFICIENT_CAPACITY', 'Ladekapazit&auml;t reicht nicht aus'),
(1, 9, 'DEFICIENT_CONSUMPTION', 'Kein Treibstoff'),
(1, 9, 'DEFICIENT_ESPS', 'Keine Spionagesonden'),
(1, 9, 'DESTROYED_PLANET', 'Zerst&ouml;rter Planet'),
(1, 9, 'ENEMY', 'Feind'),
(1, 9, 'ESPS_SENT', '%s Spionagesonde(n) nach %s:%s:%s versendet.'),
(1, 9, 'FEATURES', 'Eigenschaften'),
(1, 9, 'FLEET_ACTIVITIES', 'Flottenaktivit&auml;ten auf {@target} {@targetcoords} ({@targetuser}):'),
(1, 9, 'FRIEND', 'Freund'),
(1, 9, 'GALAXY', 'Galaxie'),
(1, 9, 'GALAXY_ALLY_HEADLINE', 'Allianz %s auf Platz %s'),
(1, 9, 'HOMEPAGE', 'Allianzhomepage'),
(1, 9, 'LOWER_INACTIVE', '1 Woche inaktiv'),
(1, 9, 'MAX', 'max.'),
(1, 9, 'MONITOR_FLEET_ACTIVITY', 'Flottenaktivit&auml;ten ausspionieren'),
(1, 9, 'MOON_DESC', 'Mond %s'),
(1, 9, 'NAME', 'Name'),
(1, 9, 'NEWBIE', 'Neuling'),
(1, 9, 'NO_MISSLES_TO_SEND', 'Keine Raketen vorhanden.'),
(1, 9, 'ONESELF', 'Eigene Position'),
(1, 9, 'PRIMARY_TARGET', 'Prim&auml;rziel'),
(1, 9, 'PROTECTION_ALLIANCE', 'Schutzbund'),
(1, 9, 'QUANTITY', 'Anzahl'),
(1, 9, 'RESOURCES', 'Ressourcen'),
(1, 9, 'SEND_ESPIONAGE_PROBE', 'Ausspionieren'),
(1, 9, 'SHOW_MEMBERLIST', 'Mitgliederliste'),
(1, 9, 'SIZE', 'Durchmesser'),
(1, 9, 'STRONG_PLAYER', 'Starker Spieler'),
(1, 9, 'SUNSYSTEM', 'Sonnensystem'),
(1, 9, 'SYSTEM', 'System'),
(1, 9, 'TARGET_IN_UMODE', 'Das Ziel befindet sich im Urlaubsmodus.'),
(1, 9, 'TARGET_TOO_STRONG', 'Der Spieler ist zu stark.'),
(1, 9, 'TARGET_TOO_WEAK', 'Der Spieler befindet sich im Noobschutz.'),
(1, 9, 'TEMPERATURE', 'Temperatur'),
(1, 9, 'TRADE_UNION', 'Handelsbund'),
(1, 9, 'UPPER_INACTIVE', '3 Wochen inaktiv'),
(1, 9, 'VACATION_MODE', 'Urlaubsmodus'),
(1, 10, 'ALL_RESOURCES', 'Alle Ressourcen'),
(1, 10, 'ALL_SHIPS', 'Alle Schiffe'),
(1, 10, 'ARRIVAL', 'Ankunft'),
(1, 10, 'CAPICITY', 'Kapazit&auml;t'),
(1, 10, 'DELETE_PARTICIPANT', 'L&ouml;schen'),
(1, 10, 'DISTANCE', 'Entfernung'),
(1, 10, 'EXECUTE_JUMP', 'Sprung durchf&uuml;hren!'),
(1, 10, 'FLEET', 'Flotte'),
(1, 10, 'FLEET_FORMATION', 'Flottenverband'),
(1, 10, 'FLEET_SENT', 'Missionszusammenfassung:'),
(1, 10, 'FORMATION', 'Verband'),
(1, 10, 'FORMATION_INVATATIONS', 'Verf&uuml;gbare Flottenverb&auml;nde'),
(1, 10, 'FORMATION_INVATATIONS', 'Verf&uuml;gbare Flottenverb&auml;nde'),
(1, 10, 'FORMATION_NAME', 'Verbandsname'),
(1, 10, 'FUEL', 'Treibstoffverbrauch'),
(1, 10, 'HOLDING_TIME', 'Haltedauer'),
(1, 10, 'HOURS', 'Stunden'),
(1, 10, 'INVITED_PARTICIPANTS', 'Eingeladene Teilnehmer'),
(1, 10, 'INVITE_PARTICIPANT', 'Teilnehmer einladen'),
(1, 10, 'JUMP_SUCCESSFUL', 'Der Raumsprung wurde erfolgreich ausgef&uuml;hrt.'),
(1, 10, 'MAX', 'max'),
(1, 10, 'MAX_SPEED', 'Maximale Geschw.'),
(1, 10, 'MIN', 'min'),
(1, 10, 'MISSION', 'Mission'),
(1, 10, 'NEW_MISSION', 'Neue Mission starten'),
(1, 10, 'NEXT', 'Weiter'),
(1, 10, 'NOT_ENOUGH_FUEL', 'Nicht genug Treibstoff vorhanden.'),
(1, 10, 'NO_FREE_FLEET_SLOTS', 'Keine freien Flottenslots vorhanden'),
(1, 10, 'NO_MISSIONS_AVAILABLE', 'Keine Missionen verf&uuml;gbar'),
(1, 10, 'NO_RESOURCES', 'Keine Ressourcen'),
(1, 10, 'NO_SHIPS', 'Keine Schiffe'),
(1, 10, 'NO_SHIPS_REDEADY', 'Es sind keine Raumschiffe vorhanden'),
(1, 10, 'ORDER', 'Befehl'),
(1, 10, 'QUANTITY', 'Anzahl'),
(1, 10, 'RELOADING_STAR_GATE', 'Das Star Gate ist noch nicht vollst&auml;ndig aufgeladen ({@reloadTime} Minunten verbleiben).'),
(1, 10, 'RESOURCES', 'Ressourcen'),
(1, 10, 'RETREAT', 'R&uuml;ckzug'),
(1, 10, 'RETURN', 'R&uuml;ckkehr'),
(1, 10, 'RUNNING_MISSIONS', 'Aktuelle Missionen'),
(1, 10, 'SELECTION', 'Auswahl'),
(1, 10, 'SELECT_TARGET', 'Ziel w&auml;hlen'),
(1, 10, 'SELECT_TARGET_MOON', 'Zielmond w&auml;hlen'),
(1, 10, 'SHIP_NAME', 'Raumschiff'),
(1, 10, 'SHORTLINKS', 'Shortlinks'),
(1, 10, 'SPEED', 'Geschwindigkeit'),
(1, 10, 'SPEED_CAPICITY', 'Geschw./Kapa.'),
(1, 10, 'START', 'Start'),
(1, 10, 'STAR_GATE_JUMP', 'Star Gate Sprung'),
(1, 10, 'TARGET', 'Ziel'),
(1, 10, 'TIME', 'Dauer'),
(1, 10, 'UNKOWN_MISSION', 'Mission unbekannt oder nicht verf&uuml;gbar.'),
(1, 10, 'UNKOWN_PLANET', 'Unbekannter Planet'),
(1, 10, 'WAITING', 'Bereit'),
(1, 11, 'ACTION', 'Aktion'),
(1, 11, 'ALLIANCE_GLOBAL_MAIL', 'Allianz-Rundmail'),
(1, 11, 'ALLIANCE_MESSAGES', 'Allianznachrichten'),
(1, 11, 'CREDIT_MESSAGES', 'Geldgesch&auml;fte'),
(1, 11, 'ALL_MEMBERS', 'Alle Mitglieder'),
(1, 11, 'ASSAULT_REPORT', 'Kampfbericht'),
(1, 11, 'BATTLE_REPORTS', 'Kampfberichte'),
(1, 11, 'CONFIRM_DELETE_ALL', 'Willst du wirklich alle Nachrichten l&ouml;schen?'),
(1, 11, 'CREATE_NEW_MESSAGE', '[Neue Nachricht verfassen]'),
(1, 11, 'DATE', 'Datum'),
(1, 11, 'DELETE_ALL', '[Alle Nachrichten l&ouml;schen]'),
(1, 11, 'DELETE_ALL_MARKED', 'Makierte Nachrichten l&ouml;schen'),
(1, 11, 'DELETE_ALL_NON_MARKED', 'Alle nicht-markierten Nachrichten l&ouml;schen'),
(1, 11, 'DELETE_ALL_SHOWN', 'Alle angezeigten Nachrichten l&ouml;schen'),
(1, 11, 'EMPTY_FOLDER', 'Ganzen Ordner leeren'),
(1, 11, 'ESPIONAGE_REPORTS', 'Spionageberichte'),
(1, 11, 'FLEET_COMMAND', 'Flottenkommando'),
(1, 11, 'FLEET_REPORTS', 'Flottenberichte'),
(1, 11, 'FOLDER', 'Ordner'),
(1, 11, 'FROM', 'Von'),
(1, 11, 'GLOBAL_MAIL', 'Rundmail versenden'),
(1, 11, 'MESSAGE', 'Nachricht'),
(1, 11, 'MESSAGES_REPORTED', 'Die Nachricht(en) wurden erfolgreich an einen Moderator &uuml;bermittelt.'),
(1, 11, 'MODERATOR_REPORT_MESSAGE', '{@reportSender} meldete folgende Nachricht von {@reportUser} am {@reportSendTime}:<p>{@reportMessage}</p>'),
(1, 11, 'MODERATOR_REPORT_SUBJECT', 'Nachricht an Moderator gemeldet'),
(1, 11, 'NEW_MESSAGE', 'Neue Nachricht'),
(1, 11, 'NO_SUBJECT', 'Kein Betreff'),
(1, 11, 'NUMBER', 'Nachrichten'),
(1, 11, 'OUTBOX', 'Postausgang'),
(1, 11, 'PLAYER_MESSAGES', 'Spielernachrichten'),
(1, 11, 'RANK', 'Rang:'),
(1, 11, 'READ', 'Enth&auml;lt keine ungelesene Nachrichten'),
(1, 11, 'RECEIVER', 'Empf&auml;nger'),
(1, 11, 'REPLY', 'Antworten'),
(1, 11, 'REPLY_ALLIANCE_MAIL', 'Allen antworten'),
(1, 11, 'REPORT_TO_MODERATOR', 'An Moderator melden'),
(1, 11, 'STORAGE', 'Speicher'),
(1, 11, 'SUBJECT', 'Betreff'),
(1, 11, 'UNREAD', 'Enth&auml;lt ungelesene Nachrichten'),
(1, 12, 'ALLIANCES', 'Allianzen'),
(1, 12, 'AVERAGE', 'Durchschnitt'),
(1, 12, 'BROWSE_UNIVERSE', 'Universum durchsuchen'),
(1, 12, 'DID_YOU_MEAN', 'Meinst du'),
(1, 12, 'FLEET', 'Flotten'),
(1, 12, 'MEMBERS', 'Mitglieder'),
(1, 12, 'MODE', 'Modus:'),
(1, 12, 'MODERATE', 'Moderieren'),
(1, 12, 'PLANETS', 'Planeten'),
(1, 12, 'PLAYER', 'Spieler'),
(1, 12, 'PLAYERS', 'Spielern'),
(1, 12, 'POINTS', 'Punkte'),
(1, 12, 'POSITION', 'Position'),
(1, 12, 'RANK', 'Platz:'),
(1, 12, 'RESEARCH', 'Forschung'),
(1, 12, 'TAG', 'K&uuml;rzel'),
(1, 12, 'TYPE', 'Typ:'),
(1, 12, 'STATISTICS_HEADER', 'Statistiken f&uuml;r alle Spieler'),
(1, 12, 'STATISTICS_HYDROGEN', 'Wasserstoff insgesamt'),
(1, 12, 'STATISTICS_METAL', 'Metall insgesamt'),
(1, 12, 'STATISTICS_SILICON', 'Silizium insgesamt'),
(1, 12, 'ALL_PLAYERS', 'Gesamte Spieler'),
(1, 12, 'ALL_PLANETS', 'Gesamte Planeten'),
(1, 12, 'ALL_MOONS', 'Gesamte Monde'),
(1, 12, 'ONLINE_NOW', 'Spieler online'),
(1, 12, 'TOTAL_DEBRIS_FIELDS', 'Anzahl Tr&uuml;mmerfelder'),
(1, 12, 'RECENT_ASSAULTS', 'Angriffe in den letzten 24 Stunden'),
(1, 12, 'STATISTICS_GALAXY', 'Galaxystatistiken'),
(1, 12, 'STATISTICS_RESSOURCES', 'Ressourcen&uuml;bersicht (in Millionen)'),
(1, 12, 'STATISTICS_SHIPS', 'Einheiten&uuml;bersicht'),
(1, 13, 'ALLIANCE_ABANDONED', 'Deine Allianz [%s] hat sich aufgel&ouml;st. Du kannst dir entweder eine neue Allianz suchen, oder alleine weiter spielen.'),
(1, 13, 'ALLIANCE_ABANDONED_SUBJECT', 'Allianz aufgel&ouml;st'),
(1, 13, 'ALLIANCE_APPLICATION', 'Bewerbung bei Allianz'),
(1, 13, 'ASTEROID_IMPACT', 'Ein gigantischer Asteroid n&auml;hrt sich deinem Planeten %s %s. Bevor es jedoch zum Einschlag kommt, beschlie&szlig;t das Flottenkommando den Asteroiden mit einem gezielten Schuss zur Explosion zu zwingen. Die Tr&uuml;mmer des Asteroiden lassen sich zum Gl&uuml;ck noch verwerten.\r\n%s Metal, %s Silizium schweben nun in der Umlaufbahn.'),
(1, 13, 'ASTEROID_IMPACT_SUBJECT', 'Asteroideneinschlag verhindert'),
(1, 13, 'COLONY_ATTEMPT_SUBJECT', 'Erschlie&szlig;ung einer Kolonie'),
(1, 13, 'ESPIOANGE_COMMITTED', 'Eine fremde Flotte von %s vom Planeten %s %s wurde in der N&auml;he deines Planeten %s %s gesichtet.\r\nChance auf Spionageabwehr: %s<br/><b class="true">%s</b>'),
(1, 13, 'ESPIOANGE_COMMITTED_SUBJECT', 'Spionageaktion'),
(1, 13, 'ESP_PROBES_DESTROYED_1', 'Die feindlichen Spionagesonden wurden beim Versuch zerst&ouml;rt.'),
(1, 13, 'FLEET_RETURNED', 'Deine Flotte (%s) kehrt zur&uuml;ck von %s nach %s %s. Die Flotte liefert %s Metall, %s Silizium und %s Wasserstoff.'),
(1, 13, 'FLEET_RETURNED_SUBJECT', 'R&uuml;ckkehr einer Flotte'),
(1, 13, 'MEMBER_RECEIPTED', 'Herzlichen Gl&uuml;ckwunsch. Deine Bewerbung wurde angenommen. Du bist nun Mitglieder der Allianz [%s].'),
(1, 13, 'MEMBER_REFUSED', 'Leider wurde deine Bewerbung bei der Allianz [%s] abgelehnt. Du kannst es bei einer anderen Allianz wieder versuchen oder alleine weiter spielen.'),
(1, 13, 'PLANET_COLONIZED', 'Deine Flotte erreicht die Position %s. Sie entdecken einen Planeten mit einer bewohnbaren Atmosph&auml;re und beginnen sofort mit der Erschliessung einer Kolonie.'),
(1, 13, 'PLANET_OCCUPIED', 'Deine Flotte erreicht die Position %s, doch hier hat sich bereits ein anderer Herrscher niedergelassen. Deprimiert kehren sie zur&uuml;ck.'),
(1, 13, 'POSITION_REPORT', 'Deine Flotte (%s) hat %s %s erreicht. Die Flotte liefert %s Metall, %s Silizium und %s Wasserstoff.'),
(1, 13, 'POSITION_REPORT_SUBJECT', 'Flottenstationierung'),
(1, 13, 'CREDIT_SUBJECT', '&Uuml;berweisung'),
(1, 13, 'CREDIT_LOST', 'Du hast %s Credits &uuml;berwiesen. Deine Nachricht lautete: %s. Die Steuern f&uuml;r diese Aktion betragen %s %.'),
(1, 13, 'CREDIT_GAINED', 'Du hast %s Credits erhalten. Der Verwendungszweck ist: %s.Die Steuern f&uuml;r diese Aktion betragen %s %.'),
(1, 13, 'RECYLCING_REPORT', 'Deine %s Recycler haben eine Gesamtladekapazit&auml;t von %s. Auf dem Ziel treiben %s Metall und %s Silizium im Raum. Du hast %s Metall und %s Silizium abgebaut.'),
(1, 13, 'RECYLCING_REPORT_SUBJECT', 'Sch&uuml;rfbericht von TF auf %s'),
(1, 13, 'ROCKET_ATTACK_MSG_ATTACKER', 'Der Raketenangriff auf {@planet} {@coords} wurde erfolgreich ausgef&uuml;hrt. Der Spieler {@defender} verlor mit {@rockets} angreifenden Raketen {@lostunits} Units.'),
(1, 13, 'ROCKET_ATTACK_MSG_DEFENDER', 'Ihr Planet {@planet} {@coords} wurde Ziel eines Raketenangriffs. Der Spieler {@attacker} zerst&ouml;rte mit {@rockets} Raketen {@lostunits} Units.'),
(1, 13, 'ROCKET_ATTACK_REPORT_HEADLINE', 'Raketenangriff auf {@planet} {@coords}'),
(1, 13, 'ROCKET_ATTACK_SUBJECT', 'Raketenangriff'),
(1, 13, 'TOO_MANY_PLANETS', 'Deine Flotte erreicht die Position %s, doch nach einem Versuch den Planten zu kolonisieren kam es zu Unruhen im Imperium. Die Flotte kehrt gescheitert zur&uuml;ck.'),
(1, 13, 'TRANPORT_SUBJECT', 'Resourcenlieferung'),
(1, 13, 'TRANSPORT_ACCOMPLISHED', 'Deine Flotte erreicht den Planeten %s %s und liefert ihre Ladung ab:\r\nMetall: %s Silizium: %s Wasserstoff: %s.'),
(1, 13, 'TRANSPORT_ACCOMPLISHED_OTHER', 'Eine fremde Flotte vom Planeten %s %s von %s erreicht deinen Planeten %s %s und liefert ihre Ladung ab:\r\nMetall: %s Silizium: %s Wasserstoff: %s.'),
(1, 13, 'TRANSPORT_ACCOMPLISHED_TO_OTHER', 'Deine Flotte vom Planeten %s %s erreicht den Planeten %s %s und liefert ihre Ladung ab:\r\nMetall: %s Silizium: %s Wasserstoff: %s'),
(1, 14, 'ABANDON_ALLIANCE', 'Allianz aufgeben'),
(1, 14, 'ACCEPT', 'Annehmen'),
(1, 14, 'ALLIANCES', 'Allianzen'),
(1, 14, 'ALLIANCE_ALREADY_EXISTS', 'Allianzname oder -K&uuml;rzel sind bereits vorhanden.'),
(1, 14, 'ALLIANCE_DIPLOMACY_APPLICATIONS', 'Laufende Antr&auml;ge von Allianzen'),
(1, 14, 'ALLIANCE_DIPLOMACY_RELATIONSHIPS', 'Diplomatische Beziehungen zu anderen Allianzen'),
(1, 14, 'ALLIANCE_MANAGEMENT', 'Allianzverwaltung'),
(1, 14, 'ALLIANCE_NAME', 'Allianzname ({config}MIN_CHARS_ALLY_NAME{/config}-{config}MAX_CHARS_ALLY_NAME{/config} Zeichen)'),
(1, 14, 'ALLIANCE_NAME_INVALID', 'Der Allianzname ist ung&uuml;ltig.'),
(1, 14, 'ALLIANCE_PAGE', 'Allianz-Seite'),
(1, 14, 'ALLIANCE_SEARCH', 'Allianz-Suche'),
(1, 14, 'ALLIANCE_TAG', 'Allianz-K&uuml;rzel ({config}MIN_CHARS_ALLY_TAG{/config}-{config}MAX_CHARS_ALLY_TAG{/config} Zeichen)'),
(1, 14, 'ALLIANCE_TAG_INVALID', 'Der Allianz-K&uuml;rzel ist ung&uuml;ltig.'),
(1, 14, 'APPLICATION', 'Bewerbung:'),
(1, 14, 'APPLICATIONS', 'Bewerbungen'),
(1, 14, 'APPLICATION_CONTENT', 'Antrag'),
(1, 14, 'APPLICATION_FOR_RELATIONSHIP', 'Antrag an Allianz stellen'),
(1, 14, 'APPLICATION_IN_PROGRESS', 'Bewerbung wird bearbeitet'),
(1, 14, 'APPLICATION_TEXT', 'Bewerbungsvorlage'),
(1, 14, 'APPLICATION_TIME', 'Zeit'),
(1, 14, 'BY_NAME', 'nach Benutzernamen'),
(1, 14, 'BY_POINTS', 'nach Punkten'),
(1, 14, 'CANCEL', 'Zur&uuml;ckziehen'),
(1, 14, 'CANDIDATE', 'Bewerber'),
(1, 14, 'CANDIDATES', '%s Bewerber'),
(1, 14, 'CAN_BAN_MEMBER', 'Mitglieder rauswerfern'),
(1, 14, 'CAN_MANAGE', 'Allianz verwalten'),
(1, 14, 'CAN_SEE_APPLICATIONS', 'Bewerbungen bearbeiten'),
(1, 14, 'CAN_SEE_MEMBERLIST', 'Mitgliederliste sichtbar'),
(1, 14, 'CAN_SEE_ONLINE_STATE', 'Onlinestatus sichtbar'),
(1, 14, 'CAN_WRITE_GLOBAL_MAILS', 'Rundmail verfassen'),
(1, 14, 'CEASEFIRE', 'Waffenstillstand'),
(1, 14, 'CONFEDERATION', 'B&uuml;ndnis'),
(1, 14, 'CREATE_NEW_RANK', 'Neuen Rang anlegen'),
(1, 14, 'DETERMINE', 'Beenden'),
(1, 14, 'DIPLOMACY', 'Diplomatie'),
(1, 14, 'ENABLE_APPLICATIONS', 'Bewerbungen verf&uuml;gbar'),
(1, 14, 'ESTABLISHED', 'Besteht seit'),
(1, 14, 'EXTERN_ALLIANCE_TEXT', 'Externer Allianztext'),
(1, 14, 'FOUNDER', 'Gr&uuml;nder'),
(1, 14, 'FOUNDER_NAME', 'Gr&uuml;ndername'),
(1, 14, 'FOUND_ALLIANCE', 'Allianz gr&uuml;nden'),
(1, 14, 'HOMEPAGE', 'Homepage'),
(1, 14, 'INTERN', 'Intern'),
(1, 14, 'INTERN_ALLIANCE_TEXT', 'Interner Allianztext'),
(1, 14, 'JOIN', 'Beitreten'),
(1, 14, 'JOIN_ALLIANCE', 'Einer Allianz beitreten'),
(1, 14, 'JOIN_DATE', 'Beitritt'),
(1, 14, 'LEAVE', 'Verlassen'),
(1, 14, 'LOGO', 'Logo'),
(1, 14, 'MANAGEMENT', 'Verwaltung'),
(1, 14, 'MARKED', 'Makierte:'),
(1, 14, 'MEMBER', 'Mitglieder'),
(1, 14, 'MEMBERLIST_SORT', 'Mitgliederliste Sortierung'),
(1, 14, 'MEMBERS', 'Mitglieder'),
(1, 14, 'MEMBER_KICKED', 'Ein Spieler aus deiner Allianz wurde rausgeworfen.'),
(1, 14, 'MEMBER_KICKED_SUBJECT', 'Mitglied rausgeworfen'),
(1, 14, 'MEMBER_LEFT', 'Der Spieler %s hat sich dazu entschieden deine Allianz zu verlassen.'),
(1, 14, 'MEMBER_LEFT_SUBJECT', 'Spieler verl&auml;sst Allianz'),
(1, 14, 'MEMBER_LIST', 'Mitgliederliste'),
(1, 14, 'MESSAGE', 'Beschreibung'),
(1, 14, 'MESSAGE_BY_ALLIANCE', 'Nachricht von Allianz: {@senderAlliance}'),
(1, 14, 'NAME', 'Name'),
(1, 14, 'NEWBIE', 'Neuling'),
(1, 14, 'NEW_MEMBER_JOINED', 'In deiner Allianz wurde ein neues Mitglied aufgenommen. %s wird euch ab jetzt unterst&uuml;tzten.'),
(1, 14, 'NEW_MEMBER_JOINED_SUBJECT', 'Neues Mitglied aufgenommen'),
(1, 14, 'NOTHING', 'keine'),
(1, 14, 'OPERATIONS', 'Aktionen'),
(1, 14, 'POINTS', 'Punkte'),
(1, 14, 'POSITION', 'Pos.'),
(1, 14, 'PROTECTION', 'Schutzbund'),
(1, 14, 'RANK', 'Rang'),
(1, 14, 'RANK_NAME', 'Rangname'),
(1, 14, 'RECEIPT', 'Aufnehmen'),
(1, 14, 'REFER_FOUNDER_STATUS', 'Gr&uuml;nderstatus abgeben'),
(1, 14, 'REFUSE', 'Ablehnen'),
(1, 14, 'REMOVE', 'Entfernen'),
(1, 14, 'RIGHT_MANAGEMENT', 'Rechte- und R&auml;ngeverwaltung'),
(1, 14, 'RUNNING_APPLICATIONS', 'Laufende Bewerbungen'),
(1, 14, 'SEARCH_RESULTS', 'Suchergebnisse'),
(1, 14, 'SEND_MESSAGE', 'Nachricht senden'),
(1, 14, 'SET_RANK_RIGHTS', 'Rechte einstellen'),
(1, 14, 'SHOW_RELATION_APPLICATIONS', 'Laufende Antr&auml;ge'),
(1, 14, 'STATUS', 'Status'),
(1, 14, 'TAG', 'K&uuml;rzel'),
(1, 14, 'TOTAL_MEMBERS', 'Total'),
(1, 14, 'TRADE_AGREEMENT', 'Handelsvertrag'),
(1, 14, 'VISIBLE_TO_ALL', 'F&uuml;r alle sichtbar'),
(1, 14, 'WAR', 'Krieg'),
(1, 14, 'WELCOME', 'Willkommen auf der Allianzseite!'),
(1, 14, 'WRITE_GLOBAL_MAIL', 'Rundmail verfassen'),
(1, 14, 'PUBLIC_ALLIANCE_LINK', '&Ouml;ffentlicher Link<br/>zur Allianzseite'),
(1, 15, 'ESP_DEFENDING_CHANCE', 'Chance auf Spionageabwehr: %d&#37;'),
(1, 15, 'ESP_PROBES_DESTROYED', 'Deine Flotte wurde von der feindlichen Trackern zerst&ouml;rt.'),
(1, 15, 'ESP_REPORT_BUILDINGS', 'Geb&auml;ude'),
(1, 15, 'ESP_REPORT_DEFENSE', 'Verteidigungsanlagen'),
(1, 15, 'ESP_REPORT_ENERGY', 'Energie'),
(1, 15, 'ESP_REPORT_FLEET', 'Flotten'),
(1, 15, 'ESP_REPORT_HYDROGEN', 'Wasserstoff'),
(1, 15, 'ESP_REPORT_METAL', 'Metall'),
(1, 15, 'ESP_REPORT_RESEARCH', 'Forschung'),
(1, 15, 'ESP_REPORT_RESSOURCE_HEADLINE', 'Ressourcen auf %s %s (Spieler: %s)'),
(1, 15, 'ESP_REPORT_SILICON', 'Silizium'),
(1, 15, 'ESP_REPORT_SUBJECT', 'Spionagebericht'),
(1, 16, 'ACCEPT', 'Annehmen'),
(1, 16, 'BUDDYLIST', 'Freundeliste'),
(1, 16, 'REMOVE', 'Entfernen'),
(1, 16, 'SELF_REQUEST', 'Du kannst dir selbst keine Buddyanfrage senden.'),
(1, 16, 'STATUS', 'Status'),
(1, 16, 'WAITING', 'Wartend'),
(1, 17, 'ATTACK', 'Angriffswert'),
(1, 17, 'BASIC_SPEED', 'Grundgeschwindigkeit'),
(1, 17, 'CAPACITY', 'Kapazit&auml;t'),
(1, 17, 'CONSUMPTION', 'Treibstoffverbrauch'),
(1, 17, 'RAPIDFIRE', 'Rapidfire:'),
(1, 17, 'RAPIDFIRE_FROM', 'Rapidfire von %s'),
(1, 17, 'RAPIDFIRE_TO', 'Rapidfire gegen %s'),
(1, 17, 'SHELL', 'H&uuml;lle'),
(1, 17, 'SHIELD', 'Schildst&auml;rke'),
(1, 17, 'STRUCTURE', 'Strukturpunkte'),
(1, 18, 'AND', 'und'),
(1, 18, 'ARMOR', 'Panz.'),
(1, 18, 'ARMORING', 'Panzerung'),
(1, 18, 'ASSAULT', 'Schlachtergebnis'),
(1, 18, 'ASSAULT_TIME', 'Die folgende Schlacht fand am %s Uhr statt:'),
(1, 18, 'ATTACKER', 'Angreifer'),
(1, 18, 'ATTACKER_HAUL', 'Er erbeutet:'),
(1, 18, 'ATTACKER_LOST_UNITS', 'Der Angreifer hat insgesamt %s Units verloren.'),
(1, 18, 'ATTACKER_POWER', 'Die Gesamtst&auml;rke betr&auml;gt %s.'),
(1, 18, 'ATTACKER_SHIELD', 'Die Schilde des Angreifers blocken %s Schadenspunkte.'),
(1, 18, 'ATTACKER_SHOTS', 'Die Angreifende Flotte feuert %s Sch&uuml;sse ab.'),
(1, 18, 'ATTACKER_WON', 'Der Angreifer hat die Schlacht gewonnen.'),
(1, 18, 'BATTLE_DRAW', 'Die Schlacht endet unentschieden.'),
(1, 18, 'DEBRIS', 'In der Planeten Umlaufbahn schweben nun:'),
(1, 18, 'DEFENDER', 'Verteidiger'),
(1, 18, 'DEFENDER_LOST_UNITS', 'Der Verteidiger hat insgesamt %s Units verloren.'),
(1, 18, 'DEFENDER_POWER', 'Die Gesamtst&auml;rke betr&auml;gt %s.'),
(1, 18, 'DEFENDER_SHIELD', 'Die Schilde des Verteidigers blocken %s Schadenspunkte.'),
(1, 18, 'DEFENDER_SHOTS', 'Die verteidigende Flotte feuert %s Sch&uuml;sse ab.'),
(1, 18, 'DEFENDER_WON', 'Der Verteidiger hat die Schlacht gewonnen.'),
(1, 18, 'DESTROYED', 'Zerst&ouml;rt'),
(1, 18, 'GUNS', 'FS'),
(1, 18, 'GUN_POWER', 'Waffen'),
(1, 18, 'MOON', 'Die Schlacht hinterlie&szlig; ein gigantisches Tr&uuml;mmerfeld von dem sich gro&szlig;e Teile zu einem Trabanten um den Planeten formen.'),
(1, 18, 'MOON_CHANCE', 'Die Chance auf eine Mondentstehung betr&auml;gt %s&#037;.'),
(1, 18, 'QUANTITY', 'Anz.'),
(1, 18, 'REPAIRED_UNITS', 'Die folgenden Einheiten konnten wieder repariert werden'),
(1, 18, 'SHIELDS', 'Schilde'),
(1, 18, 'SHIELD_POWER', 'Schilde'),
(1, 18, 'TURN', 'Runde'),
(1, 18, 'TYPE', 'Typ'),
(1, 19, 'ADD_REQUIREMENT', 'Vorraussetzung hinzuf&uuml;gen'),
(1, 19, 'BASIC_ENERGY', 'Grundkosten Energie'),
(1, 19, 'BASIC_ENGINE', 'Basisantrieb'),
(1, 19, 'BASIC_HYDROGEN', 'Grundkosten Wasserstoff'),
(1, 19, 'BASIC_METAL', 'Grundkosten Metall'),
(1, 19, 'BASIC_SILICON', 'Grundkosten Silizium'),
(1, 19, 'CHARGE_ENERGY', 'Kostensteigerung Energie'),
(1, 19, 'CHARGE_HYDROGEN', 'Kostensteigerung Wasserstoff'),
(1, 19, 'CHARGE_METAL', 'Kostensteigerung Metall'),
(1, 19, 'CHARGE_SILICON', 'Kostensteigerung Silizium'),
(1, 19, 'CONSTRUCTION_NAME', 'Name'),
(1, 19, 'CONSUMPTION', 'Verbrauch'),
(1, 19, 'DELETE', 'L&ouml;schen'),
(1, 19, 'DESCRIPTION', 'Beschreibung'),
(1, 19, 'EDIT_CONSTRUCTION', 'Konstruktion bearbeiten'),
(1, 19, 'EDIT_UNIT', 'Einheit bearbeiten'),
(1, 19, 'EXTENTED_ENGINE', 'Erweiterter Antrieb'),
(1, 19, 'FROM_LEVEL', 'Ausstatten ab Stufe'),
(1, 19, 'FULL_DESCRIPTION', 'Lange Beschreibung'),
(1, 19, 'PRODUCTION', 'Produktion'),
(1, 19, 'REQUIREMENT', 'Vorraussetzung'),
(1, 19, 'REQUIREMENTS', 'Vorraussetzungen'),
(1, 19, 'SPECIAL', 'Spezial'),
(1, 20, 'Apply_Changes', 'Anwenden'),
(1, 20, 'Name', 'Name'),
(1, 20, 'Rebuild', 'Erneuern'),
(1, 20, 'Size', 'Gr&ouml;&szlig;e'),
(1, 21, 'Add_Config_Var', 'Konfigurationsvariable anlegen'),
(1, 21, 'Add_Variable_Group', 'Neue Gruppe'),
(1, 21, 'Comma_Separated', 'Durch Kommata getrennt'),
(1, 21, 'Description', 'Beschreibung'),
(1, 21, 'Edit_Configuration_Variable', 'Variable bearbeiten'),
(1, 21, 'Manage_Config_Vars', 'Variablen Verwalten'),
(1, 21, 'Manage_Groups', 'Gruppen Verwalten'),
(1, 21, 'Options', 'Optionen'),
(1, 21, 'Show_Vars', 'Variablen Anzeigen'),
(1, 21, 'Value', 'Wert'),
(1, 21, 'Variable', 'Variable'),
(1, 21, 'Variable_Group', 'Variablen Gruppe'),
(1, 21, 'Variable_Type', 'Typ'),
(1, 22, 'Add_Cronjob', 'Cronjob hinzuf&uuml;gen'),
(1, 22, 'Day', 'Tag'),
(1, 22, 'Disable', 'deaktivieren'),
(1, 22, 'Edit_Cronjob', 'Cronjob bearbeiten'),
(1, 22, 'Enable', 'aktivieren'),
(1, 22, 'Execute', 'Ausf&uuml;hren'),
(1, 22, 'Execution_Time', 'N&auml;chste'),
(1, 22, 'Hour', 'Stunde'),
(1, 22, 'Last_Execution', 'Letzte'),
(1, 22, 'Minute', 'Minute'),
(1, 22, 'Month', 'Monat'),
(1, 22, 'Script', 'Scriptname'),
(1, 22, 'Weekday', 'Wochentag'),
(1, 23, 'Back', 'Zur&uuml;ck'),
(1, 23, 'Cache_Manager', 'Cache Manager'),
(1, 23, 'CMS_Manager', 'CMS Manager'),
(1, 23, 'Commit', 'Speichern'),
(1, 23, 'Configuration', 'Konfiguration'),
(1, 23, 'Cronjobs', 'Cronjobs'),
(1, 23, 'Delete', 'L&ouml;schen'),
(1, 23, 'Edit', 'Bearbeiten'),
(1, 23, 'Go', 'Los!'),
(1, 23, 'IP_Bans', 'IP-Sperren'),
(1, 23, 'Language_Manager', 'Sprach Manager'),
(1, 23, 'Logout', 'Verlassen'),
(1, 23, 'Main_Menu', 'Hauptmen&uuml;'),
(1, 23, 'No_Matches_Found', 'Keine &Uuml;bereinstimmungen gefunden'),
(1, 23, 'Operations', 'Operationen'),
(1, 23, 'Overview', '&Uuml;bersicht'),
(1, 23, 'Page', 'Seite'),
(1, 23, 'Password', 'Passwort'),
(1, 23, 'Permission_Manager', 'Rechte Verwaltung'),
(1, 23, 'Phrases_Groups', 'Variablen Gruppen'),
(1, 23, 'Plug_In_Management', 'Plugin Verwaltung'),
(1, 23, 'Refresh', 'Neu Laden'),
(1, 23, 'Saving_Successful', 'Speichern erfolgreich'),
(1, 23, 'Template_Editor', 'Template Editor'),
(1, 23, 'User_Manager', 'Benutzer Verwaltung'),
(1, 23, 'Usergroup_Manager', 'Benutzergruppen Verwaltung'),
(1, 23, 'Username', 'Benutzername'),
(1, 24, 'Ban_IP', 'IP-Adresse sperren'),
(1, 24, 'Days', 'Tage'),
(1, 24, 'End_Ban', 'Ende'),
(1, 24, 'Forever', 'F&uuml;r immer'),
(1, 24, 'Hours', 'Stunden'),
(1, 24, 'IP_Address', 'IP-Adresse'),
(1, 24, 'Minutes', 'Minuten'),
(1, 24, 'Months', 'Monate'),
(1, 24, 'Now', 'Jetzt'),
(1, 24, 'Reason', 'Grund'),
(1, 24, 'Search_IP', 'IP-Adresse suchen'),
(1, 24, 'Start_Ban', 'Beginn'),
(1, 24, 'Weeks', 'Wochen'),
(1, 24, 'Years', 'Jahre'),
(1, 25, 'ADD_NEW_LANGUAGE', 'Neue Sprache anlegen'),
(1, 25, 'Add_New_Group', 'Neue Variablen Gruppe anlegen'),
(1, 25, 'Add_New_Phrase', 'Neue Sprachvariable anlegen'),
(1, 25, 'Charset', 'Zeichenkodierung'),
(1, 25, 'Destination_Folder', 'Zielordner (relativ zum Root-Verzeichnis):'),
(1, 25, 'Edit_Phrases', 'Sprachvariablen bearbeiten'),
(1, 25, 'Export', 'In XML exportieren'),
(1, 25, 'Export_All_Languages', 'Alle Sprachen Exportieren'),
(1, 25, 'Export_Language', 'XML-Export'),
(1, 25, 'Group', 'Gruppe'),
(1, 25, 'Group_Name', 'Gruppenname'),
(1, 25, 'Import', 'Importieren'),
(1, 25, 'Import_Export', 'Import/Export'),
(1, 25, 'Import_File', 'Datei-Upload'),
(1, 25, 'Language', 'Sprache'),
(1, 25, 'Language_Code', 'Sprachcode'),
(1, 25, 'Manage_Groups', 'Gruppen verwalten'),
(1, 25, 'Manager_Languages', 'Sprachen verwalten'),
(1, 25, 'New_Language', 'Neue Sprache'),
(1, 25, 'Phrase_Content', 'Variablen Inhalt'),
(1, 25, 'Phrase_Group', 'Variablen Gruppe'),
(1, 25, 'Phrase_Name', 'Variablen Name'),
(1, 25, 'Show_Variables', 'Variablen anzeigen'),
(1, 25, 'Start_Export', 'Exportieren'),
(1, 25, 'Variables', 'Variablen'),
(1, 25, 'XML_Import', 'XML-Import'),
(1, 26, 'Common_Data', 'Allgemeines'),
(1, 26, 'Database_Type', 'Datenbank Typ'),
(1, 26, 'Database_Version', 'Datenbank Version'),
(1, 26, 'PHP_Version', 'PHP Version'),
(1, 26, 'Recipe_AI_Version', 'Recipe AI Version'),
(1, 26, 'Recipe_Version', 'Recipe Version'),
(1, 26, 'Server_Host', 'Server Host'),
(1, 26, 'Server_IP', 'Server IP'),
(1, 26, 'Server_Software', 'Server Software'),
(1, 27, 'AI_Templates', 'AI Templates:'),
(1, 27, 'Application_Templates', 'Normale Templates'),
(1, 27, 'Available_Templates', 'Verf&uuml;gbare Templates'),
(1, 27, 'Edit_Template', 'Template bearbeiten'),
(1, 27, 'Package', 'Paket'),
(1, 27, 'Template_Packages', 'Template Pakete'),
(1, 27, 'Template_Title', 'Templatename'),
(1, 28, 'Add_New_User', 'Neuen Benutzer anlegen'),
(1, 28, 'Add_New_User_Group', 'Benutzergruppe hinzuf&uuml;gen'),
(1, 28, 'Add_To_User_Group', 'Zur Benutzergruppe hinzuf&uuml;gen'),
(1, 28, 'Advanced_Search', 'Erweiterte Suche'),
(1, 28, 'Available_Permissions', 'Berechtigungen'),
(1, 28, 'Available_User_Groups', 'Benutzergruppen'),
(1, 28, 'E_Mail', 'E-Mail Adresse'),
(1, 28, 'Edit_User', 'Benutzer bearbeiten'),
(1, 28, 'Edit_User_Group', 'Benutzergruppe bearbeiten'),
(1, 28, 'IP_Check', 'IP-Check'),
(1, 28, 'Language', 'Sprache'),
(1, 28, 'Membership', 'Mitglied in den Benutzergruppen:'),
(1, 28, 'New_Permission', 'Neue Berechtigung'),
(1, 28, 'No', 'Nein'),
(1, 28, 'No_Permissions', 'Keine Berechtigungen'),
(1, 28, 'No_User_Group', 'Ohne Benutzergruppe'),
(1, 28, 'Permission_Name', 'Berechtigung'),
(1, 28, 'Quick_Search', 'Schnellsuche'),
(1, 28, 'Remove', 'Entfernen'),
(1, 28, 'Standard', 'Standard'),
(1, 28, 'Template_Package', 'Template Paket'),
(1, 28, 'User_Group', 'Benutzergruppe'),
(1, 28, 'User_Search', 'Benutzersuche'),
(1, 28, 'User_Search_Result', 'Suchergebnisse'),
(1, 28, 'Yes', 'Ja'),
(1, 29, 'CMS_Manager', 'CMS Verwaltung'),
(1, 29, 'Edit_Page', 'Seite bearbeiten'),
(1, 29, 'Title', 'Titel'),
(1, 29, 'Language', 'Sprache'),
(1, 29, 'Position', 'Position'),
(1, 29, 'Displayorder', 'Anzeigereihenfolge'),
(1, 29, 'Label', 'URL-Key'),
(1, 29, 'Link', 'Link'),
(1, 29, 'Content', 'Inhalt'),
(1, 29, 'Available_Pages', 'Verf&uuml;gbare Seiten'),
(1, 29, 'header', 'header'),
(1, 29, 'footer', 'footer'),
(1, 29, 'New_Page', 'Seite anlegen'),
(1, 23, 'Global_Mail', 'Massen-PM'),
(1, 31, 'Send_Global_Mail', 'Massen-PM versenden'),
(1, 31, 'Mode', 'Modus'),
(1, 31, 'Subject', 'Betreff'),
(1, 31, 'Message', 'Nachricht'),
(1, 23, 'News', 'News Manager'),
(1, 33, 'Add_News', 'News hinzuf&uuml;gen'),
(1, 33, 'Title', 'Titel'),
(1, 33, 'Text', 'Text'),
(1, 33, 'Time', 'Datum'),
(1, 33, 'Enable', 'Aktivieren'),
(1, 33, 'Disable', 'Deaktivieren'),
(1, 33, 'Edit_News', 'News bearbeiten'),
(1, 33, 'Language', 'Sprache'),
(1, 34, 'EDIT_PROFILE', 'Profil bearbeiten'),
(1, 34, 'EDIT_TEXT', 'Text bearbeiten'),
(1, 34, 'USER_PROFILE', 'Spielerprofil'),
(1, 34, 'POINTS', 'Punkte'),
(1, 34, 'RANK', 'Rang'),
(1, 34, 'AGE', 'Alter'),
(1, 34, 'ABOUT_ME', '&Uuml;ber mich'),
(1, 34, 'AVATAR', 'Avatar URL'),
(1, 34, 'HOMEPAGE', 'Homepage'),
(1, 34, 'RL_NAME', 'RL-Name'),
(1, 34, 'ICQ', 'ICQ'),
(1, 2, 'INVALID_IMAGE_URL', 'Keine g&uuml;ltige Adresse f&uuml;r ein Bild.'),
(1, 2, 'INVALID_URL', 'Keine g&uuml;ltige URL.'),
(1, 34, 'BACK_TO_PROFILE', '&laquo; Zur&uuml;ck zum Profil'),
(1, 34, 'STATUS', 'Status'),
(1, 34, 'DEFAULT_ABOUT_ME', '<h3>&Uuml;ber mich</h3><p>Ich bin ein Standardtext, der von jedem Spieler selbst &uuml;berschrieben werden kann. Sei einfach kreativ und denk dir einen coolen Text aus, dir stehen alle M&ouml;glichkeiten offen.</p>'),
(1, 34, 'USERS_AVATAR', '{@profileUsername}&#39;s Avatar'),
(1, 34, 'IMAGE_TOO_SMALL', 'Das Bild ist zu klein.'),
(1, 34, 'IMAGE_TOO_LARGE', 'Das Bild ist zu gro&szlig;.'),
(1, 34, 'TEXT_TOO_LARGE', 'Der Text ist zu lang.'),
(1, 34, 'CONTACT', 'Kontakt'),
(1, 7, 'EMAIL_SALUTATION', 'Hallo {@username},'),
(1, 7, 'REMINDER_MAIL_MESSAGE', 'dein letzter Login bei {config}pagetitle{/config} war am {@reminderLast}. Vielleicht hast du uns ja vergessen, aber dein Konto ist immer noch verfügbar. Wir würden uns freuen, wenn du dich mal wieder meldest.'),
(1, 7, 'REMINDER_MAIL_SUBJECT', '{config}pagetitle{/config} vermisst dich!'),
(1, 1, 'LOADING', 'Lade...'),
(1, 36, 'NUMBER_OF_COLONY', 'Kolonien:'),
(1, 36, 'POINTS', 'Punkte:'),
(1, 36, 'RANK', 'Rang:'),
(1, 36, 'ALLIANCE', 'Allianz:'),
(1, 8, 'SIGNATURE_GENERATOR', 'Signatur-Generator'),
(1, 8, 'GO_TO_SIGNATURE', 'zum Signatur-Generator'),
(1, 8, 'PREVIEW', 'Vorschau'),
(1, 8, 'BB_CODE', 'BB-Code'),
(1, 8, 'HTML_CODE', 'HTML-Code'),
(1, 8, 'DIRECT_LINK', 'Direktlink zum Bild'),
(1, 8, 'SIGNATURE_PREVIEW_IMAGE', 'Signatur Vorschaubild'),
(1, 8, 'SIGNATURE_DESCRIPTION', 'Dein pers&ouml;nliches Signaturbild mit aktuellen Statistiken und Fakten zu deinem Account. F&uuml;ge das Bild in deine Forensignatur ein, oder auf deiner Website.<br/>Hinweis: Das Bild wird alle 8 Stunden aktualisiert.'),
(1, 8, 'USER_TITLE', 'Benutzertitel'),
(1, 12, 'GO_TO_PROFILE', 'zum Profil'),
(1, 1, 'ERROR_404', '404 &ndash; Seite nicht gefunden'),
(1, 1, 'ERROR_404_MESSAGE', 'Die aufgerufene Seite ist nicht mehr aktuell oder exisiert nicht.'),
(1, 8, 'JS_INTERFACE', 'JavaScript Schnittstelle'),
(1, 8, 'JS_INTERFACE_DESCRIPTION', 'Nutze dieses Feld, um eine externe JavaScript-Datei in das Spiel einzubinden.'),
(1, 10, 'ATTACKING_STOPPAGE_ENABLED', '(Angriffssperre aktiv)'),
(1, 10, 'FLEET_SLOTS', 'Flottenslots:'),
(1, 9, 'FLY_DURATION', 'Flugdauer'),
(1, 14, 'MISSING_RIGHTS_FOR_GLOBAL_MAIL', 'Du hast nicht ausreichend Rechte um eine Rundmail zu schreiben.'),
(1, 4, 'MOON_DESTRUCTION', 'Mondzerst&ouml;rung'),
(1, 10, 'OUTBOUND_FLIGHT', 'Hinflug'),
(1, 10, 'RETURN_FLIGHT', 'R&uuml;ckflug');
INSERT INTO `bengine_phrases` (`languageid`, `phrasegroupid`, `title`, `content`) VALUES
(1, 5, 'COMPLETED', 'Fertiggestellt'),
(1, 3, 'CURRENT_RESEARCH', 'Aktuelle Forschung:'),
(1, 3, 'CURRENT_SHIPYARD', 'Schiffswerft-Auftr&auml;ge:'),
(1, 3, 'NONE', 'keine'),
(1, 5, 'GO_TO_MERCHANT', 'Zum Schrotth&auml;ndler'),
(1, 5, 'SCRAP_MERCHANT_DESCRIPTION', 'Der H&auml;nder bezahlt aktuell {@merchantRate}% des Originalpreises.'),
(1, 5, 'PRICE', 'Preis'),
(1, 5, 'SELL', 'Verkaufen'),
(1, 5, 'SCRAP_MERCHANT', 'Schrotth&auml;ndler'),
(1, 5, 'SCRAP_MERCHANT_CHANGE', 'Achtung: Willst du wirklich {@totalQty} Einheiten f&uuml;r {@metalCredit} Metall, {@siliconCredit} Silizium und {@hydrogenCredit} Wasserstoff verkaufen?'),
(1, 13, 'MD_SUBJECT', 'Anschlag auf Mond'),
(1, 13, 'MD_MOON_DESTROYED', 'Der Todesstern feuert mit seiner Gravitationskanone auf die Oberfl&auml;che des Mondes {@moonName} {@moonCoords}. F&uuml;r ein paar Sekunden bebt der Trabant und wenig sp&auml;ter explodiert er. Millionen von unverwertbaren Tr&uuml;mmern fliegen nun in der Umlaufbahn des anliegenden Planeten.'),
(1, 13, 'MD_MOON_SURVIVE', 'Der Todesstern feuert mit seiner Gravitationskanone auf die Oberfl&auml;che des Mondes {@moonName} {@moonCoords}. F&uuml;r ein paar Sekunden bebt der Trabant, doch es l&ouml;sen sich nur einige wenige Tr&uuml;mmerteile. Die Mondzerst&ouml;rung ist gescheitert.'),
(1, 13, 'MD_FLEET_DESTROYED', 'Einige gr&ouml;&szlig;ere Tr&uuml;mmerteile bewegen sich mit extremer Geschwindigkeit auf die angreifende Flotte zu. F&uuml;r ein Ausweichman&ouml;ver ist es bereits zu sp&auml;t, die Flotte wird vollst&auml;ndig vernichtet.'),
(1, 17, 'ENGINE', 'Triebwerk'),
(1, 17, 'FROM_LEVEL_I', 'Ab Stufe'),
(1, 12, 'NO_VALID_SEARCH', 'Der Suchbegriff war nicht g&uuml;ltig, bitte verwende min. 3 Zeichen.'),
(1, 22, 'NEVER', 'Nie'),
(1, 16, 'FRIEND_REQUEST_RECEIVED', 'Freundschaftsanfrage erhalten'),
(1, 16, 'FRIEND_REQUEST_RECEIVED_MESSAGE', 'Du hast eine Freundschaftsanfrage von <strong>{user=username}</strong> erhalten. Wenn du die Anfrage best&auml;tigen m&ouml;chtest, w&auml;hle den Navigationspunkt Freunde aus und klicke auf den Annehmen-Button der entsprechenden Anfrage. Freunde werden im Ranking und der Galaxie farblich hervorgehoben und du kannst mit ihnen Verbandsangriffe auch au&szlig;erhalb von Allianzen starten.'),
(1, 16, 'FRIENDSHIP_DELETED', 'Freundschaft gel&ouml;scht'),
(1, 16, 'FRIENDSHIP_DELETED_MESSAGE', '<strong>{user=username}</strong> m&ouml;chte nicht mehr mit dir befreundet sein und hat dich aus seiner Freundesliste gel&ouml;scht.'),
(1, 16, 'FRIEND_REQUEST_REJECTED', 'Freunschaftsanfrage abgelehnt'),
(1, 16, 'FRIEND_REQUEST_REJECTED_MESSAGE', 'Deine Freundschaftsanfrage wurde von <strong>{user=username}</strong> abgelehnt. Bitte stelle nur Freundschaftsanfragen an Spieler die du wirklich kennst.'),
(1, 16, 'FRIEND_REQUEST_ACCEPTED', 'Freundschaftsanfrage best&auml;tigt'),
(1, 16, 'FRIEND_REQUEST_ACCEPTED_MESSAGE', '<strong>{user=username}</strong> hat deine Freundschaftsanfrage angenommen. Die Namen deiner Freunde werden im Ranking und in der Galaxie farblich hervorgehoben. Au&szlig;erdem kannst du mit ihnen auch au&szlig;erhalb von Allianzen einen Verbandsangriff starten.'),
(1, 11, 'WRITE_MESSAGE_TEMPLATE', '<div>Hallo {@receiver},</div><div>&nbsp;</div><div>[Nachricht]</div><div>&nbsp;</div><div>Viele Gr&uuml;&szlig;e</div><div>{user=username}</div>'),
(1, 5, 'ON', 'auf'),
(1, 9, 'GALAXY_END_REACHED', 'Du hast bereits das Ende der Galaxie erreicht. Weiter geht es nicht.'),
(1, 7, 'REGISTER_NOW', 'Jetzt registrieren!'),
(1, 5, 'OCCUPIED_FIELDS', '{@occupiedFields} von {@maxFields} Feldern'),
(1, 11, 'MODERATOR_REPORT_COMBAT', '{@reportSender} meldete folgenden Kampfbericht vom {@reportSendTime}: {@reportLink}');

DROP TABLE IF EXISTS `bengine_phrasesgroups`;
CREATE TABLE IF NOT EXISTS `bengine_phrasesgroups` (
  `phrasegroupid` int(4) unsigned NOT NULL auto_increment,
  `title` varchar(255) NOT NULL,
  PRIMARY KEY  (`phrasegroupid`)
) ENGINE=InnoDB  DEFAULT CHARSET=utf8;

INSERT INTO `bengine_phrasesgroups` (`phrasegroupid`, `title`) VALUES
(1, 'global'),
(2, 'error'),
(3, 'Main'),
(4, 'info'),
(5, 'buildings'),
(6, 'Resource'),
(7, 'Registration'),
(8, 'Prefs'),
(9, 'Galaxy'),
(10, 'mission'),
(11, 'Message'),
(12, 'Statistics'),
(13, 'AutoMessages'),
(14, 'Alliance'),
(15, 'EspionageReport'),
(16, 'Buddylist'),
(17, 'UnitInfo'),
(18, 'AssaultReport'),
(19, 'Administrator'),
(20, 'AI_CacheManager'),
(21, 'AI_Configuration'),
(22, 'AI_Cronjobs'),
(23, 'AI_Global'),
(24, 'AI_IP_Bans'),
(25, 'AI_LanguageManager'),
(26, 'AI_Overview'),
(27, 'AI_Templates'),
(28, 'AI_User'),
(29, 'AI_CMS'),
(30, 'Exchange'),
(31, 'AI_Globalmail'),
(33, 'AI_News'),
(34, 'Profile'),
(36, 'Signature');

DROP TABLE IF EXISTS `bengine_planet`;
CREATE TABLE IF NOT EXISTS `bengine_planet` (
  `planetid` int(10) unsigned NOT NULL auto_increment,
  `userid` int(9) unsigned NULL DEFAULT NULL,
  `ismoon` tinyint(1) unsigned NOT NULL default '0',
  `planetname` varchar(255) NOT NULL,
  `diameter` int(6) unsigned NOT NULL default '0',
  `picture` varchar(255) NOT NULL,
  `temperature` int(3) NOT NULL default '0',
  `last` int(10) unsigned NOT NULL default '0',
  `metal` double(128,8) NOT NULL default '500',
  `silicon` double(128,8) NOT NULL default '500',
  `hydrogen` double(128,8) NOT NULL default '0',
  `solar_satellite_prod` int(3) unsigned NOT NULL default '100',
  `sort_index` int(11) unsigned NULL DEFAULT NULL,
  PRIMARY KEY  (`planetid`),
  KEY `userid` (`userid`)
) ENGINE=InnoDB DEFAULT CHARSET=utf8;

DROP TABLE IF EXISTS `bengine_profile`;
CREATE TABLE IF NOT EXISTS `bengine_profile` (
  `profile_id` smallint(6) unsigned NOT NULL auto_increment,
  `name` varchar(128) NOT NULL,
  `type` varchar(128) NOT NULL,
  `setup` text,
  `list_view` tinyint(1) unsigned NOT NULL default '1',
  `sort_index` smallint(6) unsigned default NULL,
  PRIMARY KEY  (`profile_id`)
) ENGINE=InnoDB DEFAULT CHARSET=utf8;

INSERT INTO `bengine_profile` (`profile_id`, `name`, `type`, `setup`, `list_view`, `sort_index`) VALUES
(1, 'ABOUT_ME', 'richtext', NULL, 0, NULL),
(2, 'AGE', 'integer', NULL, 1, NULL),
(3, 'AVATAR', 'image', NULL, 0, NULL);

DROP TABLE IF EXISTS `bengine_profile2user`;
CREATE TABLE IF NOT EXISTS `bengine_profile2user` (
  `profile_id` smallint(6) unsigned NOT NULL,
  `user_id` int(9) unsigned NOT NULL,
  `data` text,
  UNIQUE KEY `profile_id` (`profile_id`,`user_id`),
  KEY `user_id` (`user_id`)
) ENGINE=InnoDB DEFAULT CHARSET=utf8;

DROP TABLE IF EXISTS `bengine_rapidfire`;
CREATE TABLE IF NOT EXISTS `bengine_rapidfire` (
  `unitid` int(4) unsigned NOT NULL,
  `target` int(4) unsigned NOT NULL,
  `value` int(4) unsigned NOT NULL default '0',
  KEY `unitid` (`unitid`),
  KEY `target` (`target`)
) ENGINE=InnoDB DEFAULT CHARSET=utf8;

INSERT INTO `bengine_rapidfire` (`unitid`, `target`, `value`) VALUES
(29, 38, 5),
(29, 39, 5),
(30, 38, 5),
(30, 39, 5),
(31, 38, 5),
(31, 39, 5),
(32, 39, 5),
(32, 29, 3),
(33, 38, 5),
(33, 39, 5),
(33, 31, 6),
(33, 43, 10),
(35, 38, 5),
(35, 39, 5),
(35, 29, 3),
(35, 30, 3),
(35, 34, 7),
(35, 32, 4),
(35, 33, 4),
(34, 38, 5),
(34, 39, 5),
(40, 38, 5),
(40, 39, 5),
(40, 43, 20),
(40, 44, 20),
(40, 45, 10),
(40, 46, 10),
(41, 38, 5),
(41, 39, 5),
(41, 44, 10),
(41, 35, 2),
(42, 38, 1250),
(42, 39, 1250),
(42, 31, 200),
(42, 32, 100),
(42, 33, 33),
(42, 34, 30),
(42, 35, 15),
(42, 40, 25),
(42, 41, 5),
(42, 29, 250),
(42, 30, 250),
(42, 36, 250),
(42, 37, 250),
(42, 43, 200),
(42, 44, 200),
(42, 45, 100),
(42, 46, 100),
(42, 47, 50),
(32, 38, 5),
(36, 38, 5),
(36, 39, 5),
(37, 38, 5),
(37, 39, 5);

DROP TABLE IF EXISTS `bengine_registration`;
CREATE TABLE IF NOT EXISTS `bengine_registration` (
  `time` int(10) unsigned NOT NULL,
  `ipaddress` varchar(40) NOT NULL,
  `useragent` varchar(255) NULL
) ENGINE=InnoDB DEFAULT CHARSET=utf8;

DROP TABLE IF EXISTS `bengine_requirements`;
CREATE TABLE IF NOT EXISTS `bengine_requirements` (
  `requirementid` int(5) unsigned NOT NULL auto_increment,
  `buildingid` int(4) unsigned NOT NULL,
  `needs` int(4) unsigned NOT NULL default '0',
  `level` int(3) unsigned NOT NULL default '0',
  PRIMARY KEY  (`requirementid`),
  KEY `buildingid` (`buildingid`),
  KEY `needs` (`needs`)
) ENGINE=InnoDB DEFAULT CHARSET=utf8;

INSERT INTO `bengine_requirements` (`requirementid`, `buildingid`, `needs`, `level`) VALUES
(1, 5, 3, 5),
(2, 5, 18, 3),
(3, 7, 6, 10),
(4, 7, 14, 10),
(5, 8, 6, 2),
(6, 13, 12, 3),
(7, 14, 12, 1),
(8, 15, 12, 4),
(9, 16, 18, 3),
(10, 16, 12, 6),
(11, 17, 12, 2),
(12, 18, 12, 1),
(13, 19, 18, 5),
(14, 19, 16, 5),
(15, 19, 12, 7),
(16, 20, 18, 1),
(17, 21, 18, 1),
(18, 21, 12, 2),
(19, 22, 19, 3),
(20, 23, 18, 2),
(21, 24, 12, 4),
(22, 24, 23, 5),
(23, 24, 18, 4),
(24, 25, 18, 8),
(25, 25, 23, 10),
(26, 25, 24, 5),
(32, 28, 12, 12),
(33, 26, 12, 10),
(34, 26, 14, 8),
(35, 26, 19, 8),
(36, 52, 8, 1),
(37, 51, 8, 1),
(38, 50, 16, 6),
(40, 49, 16, 2),
(41, 49, 8, 1),
(68, 45, 23, 6),
(67, 45, 8, 4),
(66, 45, 18, 3),
(65, 46, 24, 4),
(64, 46, 8, 4),
(63, 47, 16, 1),
(62, 47, 15, 3),
(61, 47, 18, 6),
(60, 47, 8, 6),
(69, 44, 18, 1),
(58, 48, 25, 7),
(57, 48, 8, 8),
(70, 44, 8, 2),
(71, 44, 23, 3),
(72, 43, 8, 1),
(73, 29, 8, 2),
(74, 29, 20, 2),
(75, 30, 8, 4),
(76, 30, 20, 6),
(77, 31, 8, 1),
(78, 31, 20, 1),
(79, 32, 8, 3),
(80, 32, 17, 2),
(81, 32, 21, 2),
(82, 33, 8, 5),
(83, 33, 21, 4),
(84, 33, 24, 2),
(85, 34, 8, 7),
(86, 34, 22, 4),
(87, 35, 8, 8),
(88, 35, 19, 5),
(89, 35, 23, 12),
(90, 35, 22, 5),
(91, 36, 8, 4),
(92, 36, 21, 3),
(93, 37, 8, 4),
(94, 37, 20, 6),
(95, 37, 16, 2),
(96, 38, 8, 3),
(97, 38, 20, 3),
(98, 38, 13, 2),
(99, 40, 8, 8),
(100, 40, 21, 6),
(101, 40, 25, 5),
(102, 39, 8, 1),
(103, 41, 8, 9),
(104, 41, 22, 6),
(107, 42, 8, 12),
(108, 42, 22, 7),
(109, 42, 19, 6),
(110, 42, 28, 1),
(111, 50, 8, 6),
(112, 51, 53, 2),
(113, 52, 53, 4),
(114, 52, 21, 1),
(115, 55, 54, 1),
(116, 56, 54, 1),
(117, 56, 19, 7),
(119, 41, 19, 5),
(123, 58, 18, 12),
(124, 58, 7, 1);

DROP TABLE IF EXISTS `bengine_research2user`;
CREATE TABLE IF NOT EXISTS `bengine_research2user` (
  `buildingid` int(4) unsigned NOT NULL,
  `userid` int(9) unsigned NOT NULL,
  `level` int(3) unsigned NOT NULL default '0',
  UNIQUE KEY `userid` (`userid`,`buildingid`)
) ENGINE=InnoDB DEFAULT CHARSET=utf8;

DROP TABLE IF EXISTS `bengine_sessions`;
CREATE TABLE IF NOT EXISTS `bengine_sessions` (
  `sessionid` varchar(40) NOT NULL,
  `userid` int(9) unsigned NOT NULL,
  `ipaddress` varchar(40) NOT NULL,
  `useragent` varchar(255) NULL,
  `time` int(10) unsigned NOT NULL default '0',
  `logged` tinyint(1) unsigned NOT NULL default '0',
  PRIMARY KEY  (`sessionid`),
  KEY `userid` (`userid`)
) ENGINE=InnoDB DEFAULT CHARSET=utf8;

DROP TABLE IF EXISTS `bengine_ship2engine`;
CREATE TABLE IF NOT EXISTS `bengine_ship2engine` (
  `unitid` int(4) unsigned NOT NULL,
  `engineid` int(4) unsigned NOT NULL,
  `level` int(3) unsigned NOT NULL default '0',
  `base_speed` int(6) unsigned NOT NULL default '0',
  `base` tinyint(1) unsigned NOT NULL default '0',
  KEY `unitid` (`unitid`),
  KEY `engineid` (`engineid`)
) ENGINE=InnoDB DEFAULT CHARSET=utf8;

INSERT INTO `bengine_ship2engine` (`unitid`, `engineid`, `level`, `base_speed`, `base`) VALUES
(29, 20, 0, 0, 1),
(29, 21, 5, 10000, 0),
(30, 20, 0, 0, 1),
(31, 20, 0, 0, 1),
(38, 20, 0, 0, 1),
(32, 21, 0, 0, 1),
(33, 21, 0, 0, 1),
(36, 21, 0, 0, 1),
(37, 20, 0, 0, 1),
(40, 21, 0, 0, 1),
(40, 22, 8, 5000, 0),
(34, 22, 0, 0, 1),
(35, 22, 0, 0, 1),
(41, 22, 0, 0, 1),
(42, 22, 0, 0, 1);

DROP TABLE IF EXISTS `bengine_shipyard`;
CREATE TABLE IF NOT EXISTS `bengine_shipyard` (
  `planetid` int(10) unsigned NOT NULL,
  `unitid` int(4) unsigned NOT NULL,
  `quantity` int(4) unsigned NOT NULL default '0',
  `one` int(6) unsigned NOT NULL default '0',
  `time` int(10) unsigned NOT NULL default '0',
  `finished` int(10) unsigned NOT NULL default '0',
  KEY `planetid` (`planetid`),
  KEY `unitid` (`unitid`)
) ENGINE=InnoDB DEFAULT CHARSET=utf8;

DROP TABLE IF EXISTS `bengine_ship_datasheet`;
CREATE TABLE IF NOT EXISTS `bengine_ship_datasheet` (
  `unitid` int(4) unsigned NOT NULL auto_increment,
  `capicity` int(8) unsigned NOT NULL default '0',
  `speed` int(8) unsigned NOT NULL default '0',
  `consume` int(8) unsigned NOT NULL default '0',
  `attack` int(8) unsigned NOT NULL default '0',
  `shield` double NOT NULL default '0',
  PRIMARY KEY (`unitid`)
) ENGINE=InnoDB  DEFAULT CHARSET=utf8;

INSERT INTO `bengine_ship_datasheet` (`unitid`, `capicity`, `speed`, `consume`, `attack`, `shield`) VALUES
(29, 5000, 5000, 10, 5, 10),
(30, 25000, 7500, 50, 5, 25),
(31, 50, 12500, 20, 50, 10),
(32, 100, 10000, 75, 150, 25),
(33, 800, 15000, 300, 400, 50),
(34, 1500, 10000, 500, 1000, 200),
(35, 750, 10000, 250, 700, 400),
(36, 7500, 2500, 1000, 50, 100),
(37, 20000, 2000, 300, 1, 10),
(38, 5, 100000000, 1, 0, 0),
(39, 0, 0, 0, 1, 1),
(40, 500, 4000, 1000, 1000, 500),
(41, 2000, 5000, 1000, 2000, 500),
(42, 1000000, 100, 1, 200000, 50000),
(43, 0, 0, 0, 80, 20),
(44, 0, 0, 0, 100, 25),
(45, 0, 0, 0, 250, 100),
(46, 0, 0, 0, 150, 500),
(47, 0, 0, 0, 1100, 200),
(48, 0, 0, 0, 3000, 300),
(49, 0, 0, 0, 1, 2000),
(50, 0, 0, 0, 1, 10000),
(51, 0, 0, 0, 1, 1),
(52, 0, 0, 0, 12000, 1);

DROP TABLE IF EXISTS `bengine_stargate_jump`;
CREATE TABLE IF NOT EXISTS `bengine_stargate_jump` (
  `jumpid` int( 8 ) unsigned NOT NULL AUTO_INCREMENT,
  `planetid` int( 10 ) unsigned NOT NULL,
  `time` int( 10 ) unsigned NOT NULL default '0',
  `data` mediumtext NOT NULL,
  PRIMARY KEY ( `jumpid` ),
  KEY `planetid` (`planetid`)
) ENGINE = InnoDB DEFAULT CHARSET =binary;

DROP TABLE IF EXISTS `bengine_temp_fleet`;
CREATE TABLE IF NOT EXISTS `bengine_temp_fleet` (
  `planetid` int(10) unsigned NOT NULL,
  `data` text NOT NULL,
  PRIMARY KEY  (`planetid`)
) ENGINE=InnoDB DEFAULT CHARSET=utf8;

CREATE TABLE IF NOT EXISTS `bengine_transport_log` (
  `transport_log_id` int(10) unsigned NOT NULL AUTO_INCREMENT,
  `user_1` int(9) unsigned NOT NULL,
  `user_2` int(9) unsigned NOT NULL,
  `message` text NOT NULL,
  `time` int(10) unsigned NOT NULL,
  `suspicious` tinyint(1) unsigned NOT NULL default '0',
  PRIMARY KEY (`transport_log_id`),
  KEY `user_1` (`user_1`),
  KEY `user_2` (`user_2`)
) ENGINE=InnoDB DEFAULT CHARSET=utf8;

DROP TABLE IF EXISTS `bengine_unit2shipyard`;
CREATE TABLE IF NOT EXISTS `bengine_unit2shipyard` (
  `unitid` int(4) unsigned NOT NULL,
  `planetid` int(10) unsigned NOT NULL,
  `quantity` int(8) unsigned NOT NULL default '0',
  UNIQUE KEY `planetid` (`planetid`,`unitid`)
) ENGINE=InnoDB DEFAULT CHARSET=utf8;

DROP TABLE IF EXISTS `bengine_user`;
CREATE TABLE IF NOT EXISTS `bengine_user` (
  `userid` int(9) unsigned NOT NULL auto_increment,
  `username` varchar(32) character set utf8 NOT NULL,
  `usertitle` varchar(32) character set utf8 NULL DEFAULT NULL,
  `email` varchar(255) character set utf8 NOT NULL,
  `temp_email` varchar(255) character set utf8 NULL,
  `languageid` int(4) unsigned NULL,
  `timezone` varchar(25) NULL,
  `templatepackage` varchar(128) NULL,
  `theme` varchar(255) NULL,
  `js_interface` varchar(255) NULL,
  `curplanet` int(10) NOT NULL default '0',
  `points` float(128,8) NOT NULL default '0.0',
  `credits` float(128,8) NOT NULL default '0.0',
  `fpoints` int(9) unsigned NOT NULL default '0',
  `rpoints` int(3) unsigned NOT NULL default '0',
  `hp` int(10) DEFAULT NULL,
  `ipcheck` tinyint(1) unsigned NOT NULL default '1',
  `activation` varchar(32) NULL,
  `regtime` int(10) unsigned NOT NULL default '0',
  `last` int(10) unsigned NOT NULL default '0',
  `asteroid` int(10) unsigned NOT NULL default '0',
  `umode` tinyint(1) unsigned NOT NULL default '0',
  `umodemin` int(10) unsigned NOT NULL default '0',
  `delete` int(10) unsigned NOT NULL default '0',
  `esps` tinyint(2) unsigned NOT NULL default '1',
  `db_lock` tinyint(1) unsigned NOT NULL default '0',
  PRIMARY KEY  (`userid`),
  UNIQUE KEY `username` (`username`),
  UNIQUE KEY `email` (`email`),
  KEY `curplanet` (`curplanet`)
) ENGINE=InnoDB DEFAULT CHARSET=utf8;

CREATE TABLE IF NOT EXISTS `bengine_user_counter` (
  `user_counter_id` int(9) unsigned NOT NULL AUTO_INCREMENT,
  `count` int(9) unsigned NOT NULL,
  `day` int(6) unsigned NOT NULL,
  `week` tinyint(2) unsigned NOT NULL,
  `day_of_week` tinyint(1) unsigned NOT NULL,
  `month` tinyint(2) unsigned NOT NULL,
  `day_of_month` tinyint(2) unsigned NOT NULL,
  `year` smallint(4) unsigned NOT NULL,
  `time` int(10) unsigned NOT NULL,
  PRIMARY KEY (`user_counter_id`)
) ENGINE=InnoDB DEFAULT CHARSET=utf8;

DROP TABLE IF EXISTS `bengine_feed_keys`;
CREATE TABLE IF NOT EXISTS `bengine_feed_keys` (
  `feed_key_id` int(9) unsigned NOT NULL auto_increment,
  `user_id` int(9) unsigned NOT NULL,
  `feed_key` varchar(255) character set utf8 NOT NULL default '',
  PRIMARY KEY (`feed_key_id`),
  UNIQUE KEY `user_id` (`user_id`)
) ENGINE=InnoDB DEFAULT CHARSET=utf8;

DROP TABLE IF EXISTS `bengine_user2ally`;
CREATE TABLE IF NOT EXISTS `bengine_user2ally` (
  `userid` int(9) unsigned NOT NULL,
  `aid` int(8) unsigned NOT NULL,
  `joindate` int(10) unsigned NOT NULL default '0',
  `rank` int(12) unsigned NULL,
  UNIQUE KEY `userid` (`userid`),
  KEY `aid` (`aid`)
) ENGINE=InnoDB DEFAULT CHARSET=utf8;

DROP TABLE IF EXISTS `bengine_user2group`;
CREATE TABLE IF NOT EXISTS `bengine_user2group` (
  `usergroupid` int(3) unsigned NOT NULL,
  `userid` int(9) unsigned NOT NULL,
  `data` varchar(255) NULL,
  KEY `usergroupid` (`usergroupid`),
  KEY `userid` (`userid`)
) ENGINE=InnoDB DEFAULT CHARSET=utf8;

DROP TABLE IF EXISTS `bengine_usergroup`;
CREATE TABLE IF NOT EXISTS `bengine_usergroup` (
  `usergroupid` int(3) unsigned NOT NULL auto_increment,
  `grouptitle` varchar(128) NOT NULL,
  `standard` tinyint(1) unsigned NOT NULL default '0',
  PRIMARY KEY  (`usergroupid`)
) ENGINE=InnoDB  DEFAULT CHARSET=utf8;

INSERT INTO `bengine_usergroup` (`usergroupid`, `grouptitle`, `standard`) VALUES
(1, 'Guest', 1),
(2, 'Administrator', 1),
(3, 'User', 1),
(4, 'Moderator', 1);

ALTER TABLE `bengine_alliance` ADD FOREIGN KEY ( `founder` ) REFERENCES `bengine_user` (`userid`) ON DELETE CASCADE ON UPDATE CASCADE;
ALTER TABLE `bengine_allyapplication` ADD FOREIGN KEY ( `userid` ) REFERENCES `bengine_user` (`userid`) ON DELETE CASCADE ON UPDATE CASCADE;
ALTER TABLE `bengine_allyapplication` ADD FOREIGN KEY ( `aid` ) REFERENCES `bengine_alliance` (`aid`) ON DELETE CASCADE ON UPDATE CASCADE;
ALTER TABLE `bengine_allyrank` ADD FOREIGN KEY ( `aid` ) REFERENCES `bengine_alliance` (`aid`) ON DELETE CASCADE ON UPDATE CASCADE;
ALTER TABLE `bengine_ally_relationships` ADD FOREIGN KEY ( `rel1` ) REFERENCES `bengine_alliance` (`aid`) ON DELETE CASCADE ON UPDATE CASCADE;
ALTER TABLE `bengine_ally_relationships` ADD FOREIGN KEY ( `rel2` ) REFERENCES `bengine_alliance` (`aid`) ON DELETE CASCADE ON UPDATE CASCADE;
ALTER TABLE `bengine_ally_relationships` ADD FOREIGN KEY ( `mode` ) REFERENCES `bengine_ally_relationship_type` (`type_id`) ON DELETE CASCADE ON UPDATE CASCADE ;
ALTER TABLE `bengine_ally_relationships_application` ADD FOREIGN KEY ( `candidate_ally` ) REFERENCES `bengine_alliance` (`aid`) ON DELETE CASCADE ON UPDATE CASCADE;
ALTER TABLE `bengine_ally_relationships_application` ADD FOREIGN KEY ( `request_ally` ) REFERENCES `bengine_alliance` (`aid`) ON DELETE CASCADE ON UPDATE CASCADE;
ALTER TABLE `bengine_ally_relationships_application` ADD FOREIGN KEY ( `userid` ) REFERENCES `bengine_user` (`userid`) ON DELETE CASCADE ON UPDATE CASCADE;
ALTER TABLE `bengine_ally_relationship_type` ADD FOREIGN KEY ( `confirm_end` ) REFERENCES `bengine_ally_relationship_type` (`type_id`) ON DELETE CASCADE ON UPDATE CASCADE;
ALTER TABLE `bengine_assault` ADD FOREIGN KEY ( `planetid` ) REFERENCES `bengine_planet` (`planetid`) ON DELETE CASCADE ON UPDATE CASCADE;
ALTER TABLE `bengine_assaultparticipant` ADD FOREIGN KEY ( `assaultid` ) REFERENCES `bengine_assault` (`assaultid`) ON DELETE CASCADE ON UPDATE CASCADE;
ALTER TABLE `bengine_assaultparticipant` ADD FOREIGN KEY ( `userid` ) REFERENCES `bengine_user` (`userid`) ON DELETE CASCADE ON UPDATE CASCADE;
ALTER TABLE `bengine_assaultparticipant` ADD FOREIGN KEY ( `planetid` ) REFERENCES `bengine_planet` (`planetid`) ON DELETE CASCADE ON UPDATE CASCADE;
ALTER TABLE `bengine_attack_formation` ADD FOREIGN KEY ( `eventid` ) REFERENCES `bengine_events` (`eventid`) ON DELETE CASCADE ON UPDATE CASCADE;
ALTER TABLE `bengine_ban_u` ADD FOREIGN KEY ( `userid` ) REFERENCES `bengine_user` (`userid`) ON DELETE CASCADE ON UPDATE CASCADE;
ALTER TABLE `bengine_ban_u` ADD FOREIGN KEY ( `modid` ) REFERENCES `bengine_user` (`userid`) ON DELETE CASCADE ON UPDATE CASCADE;
ALTER TABLE `bengine_buddylist` ADD FOREIGN KEY ( `friend1` ) REFERENCES `bengine_user` (`userid`) ON DELETE CASCADE ON UPDATE CASCADE;
ALTER TABLE `bengine_buddylist` ADD FOREIGN KEY ( `friend2` ) REFERENCES `bengine_user` (`userid`) ON DELETE CASCADE ON UPDATE CASCADE;
ALTER TABLE `bengine_building2planet` ADD FOREIGN KEY ( `planetid` ) REFERENCES `bengine_planet` (`planetid`) ON DELETE CASCADE ON UPDATE CASCADE;
ALTER TABLE `bengine_building2planet` ADD FOREIGN KEY ( `buildingid` ) REFERENCES `bengine_construction` (`buildingid`) ON DELETE CASCADE ON UPDATE CASCADE;
ALTER TABLE `bengine_config` ADD FOREIGN KEY ( `groupid` ) REFERENCES `bengine_configgroups` (`groupid`) ON DELETE CASCADE ON UPDATE CASCADE;
ALTER TABLE `bengine_events` ADD FOREIGN KEY ( `planetid` ) REFERENCES `bengine_planet` (`planetid`) ON DELETE CASCADE ON UPDATE CASCADE;
ALTER TABLE `bengine_events` ADD FOREIGN KEY ( `user` ) REFERENCES `bengine_user` (`userid`) ON DELETE CASCADE ON UPDATE CASCADE;
ALTER TABLE `bengine_events` ADD FOREIGN KEY ( `destination` ) REFERENCES `bengine_planet` (`planetid`) ON DELETE SET NULL ON UPDATE CASCADE;
ALTER TABLE `bengine_events` ADD FOREIGN KEY ( `mode` ) REFERENCES `bengine_event_type` (`event_type_id`) ON DELETE CASCADE ON UPDATE CASCADE;
ALTER TABLE `bengine_feed_keys` ADD FOREIGN KEY ( `user_id` ) REFERENCES `bengine_user` (`userid`) ON DELETE CASCADE ON UPDATE CASCADE;
ALTER TABLE `bengine_fleet2assault` ADD FOREIGN KEY ( `assaultid` ) REFERENCES `bengine_assault` (`assaultid`) ON DELETE CASCADE ON UPDATE CASCADE;
ALTER TABLE `bengine_fleet2assault` ADD FOREIGN KEY ( `participantid` ) REFERENCES `bengine_assaultparticipant` (`participantid`) ON DELETE CASCADE ON UPDATE CASCADE;
ALTER TABLE `bengine_fleet2assault` ADD FOREIGN KEY ( `userid` ) REFERENCES `bengine_user` (`userid`) ON DELETE CASCADE ON UPDATE CASCADE;
ALTER TABLE `bengine_fleet2assault` ADD FOREIGN KEY ( `unitid` ) REFERENCES `bengine_construction` (`buildingid`) ON DELETE CASCADE ON UPDATE CASCADE;
ALTER TABLE `bengine_folder` ADD FOREIGN KEY ( `userid` ) REFERENCES `bengine_user` (`userid`) ON DELETE CASCADE ON UPDATE CASCADE;
ALTER TABLE `bengine_formation_invitation` ADD FOREIGN KEY ( `eventid` ) REFERENCES `bengine_events` (`eventid`) ON DELETE CASCADE ON UPDATE CASCADE;
ALTER TABLE `bengine_formation_invitation` ADD FOREIGN KEY ( `userid` ) REFERENCES `bengine_user` (`userid`) ON DELETE CASCADE ON UPDATE CASCADE;
ALTER TABLE `bengine_galaxy` ADD FOREIGN KEY ( `planetid` ) REFERENCES `bengine_planet` (`planetid`) ON DELETE CASCADE ON UPDATE CASCADE;
ALTER TABLE `bengine_group2permission` ADD FOREIGN KEY ( `permissionid` ) REFERENCES `bengine_permissions` (`permissionid`) ON DELETE CASCADE ON UPDATE CASCADE;
ALTER TABLE `bengine_group2permission` ADD FOREIGN KEY ( `groupid` ) REFERENCES `bengine_usergroup` (`usergroupid`) ON DELETE CASCADE ON UPDATE CASCADE;
ALTER TABLE `bengine_message` ADD FOREIGN KEY ( `sender` ) REFERENCES `bengine_user` (`userid`) ON DELETE CASCADE ON UPDATE CASCADE;
ALTER TABLE `bengine_message` ADD FOREIGN KEY ( `receiver` ) REFERENCES `bengine_user` (`userid`) ON DELETE CASCADE ON UPDATE CASCADE;
ALTER TABLE `bengine_news` ADD FOREIGN KEY (`user_id`) REFERENCES `bengine_user` (`userid`) ON DELETE CASCADE ON UPDATE CASCADE;
ALTER TABLE `bengine_news` ADD FOREIGN KEY ( `language_id` ) REFERENCES `bengine_languages` (`languageid`) ON DELETE CASCADE ON UPDATE CASCADE;
ALTER TABLE `bengine_page` ADD FOREIGN KEY ( `languageid` ) REFERENCES `bengine_languages` (`languageid`) ON DELETE CASCADE ON UPDATE CASCADE;
ALTER TABLE `bengine_password` ADD FOREIGN KEY ( `userid` ) REFERENCES `bengine_user` (`userid`) ON DELETE CASCADE ON UPDATE CASCADE;
ALTER TABLE `bengine_phrases` ADD FOREIGN KEY ( `languageid` ) REFERENCES `bengine_languages` (`languageid`) ON DELETE CASCADE ON UPDATE CASCADE;
ALTER TABLE `bengine_phrases` ADD FOREIGN KEY ( `phrasegroupid` ) REFERENCES `bengine_phrasesgroups` (`phrasegroupid`) ON DELETE CASCADE ON UPDATE CASCADE;
ALTER TABLE `bengine_planet` ADD FOREIGN KEY ( `userid` ) REFERENCES `bengine_user` (`userid`) ON DELETE CASCADE ON UPDATE CASCADE;
ALTER TABLE `bengine_rapidfire` ADD FOREIGN KEY ( `unitid` ) REFERENCES `bengine_construction` (`buildingid`) ON DELETE CASCADE ON UPDATE CASCADE;
ALTER TABLE `bengine_rapidfire` ADD FOREIGN KEY ( `target` ) REFERENCES `bengine_construction` (`buildingid`) ON DELETE CASCADE ON UPDATE CASCADE;
ALTER TABLE `bengine_requirements` ADD FOREIGN KEY ( `buildingid` ) REFERENCES `bengine_construction` (`buildingid`) ON DELETE CASCADE ON UPDATE CASCADE;
ALTER TABLE `bengine_requirements` ADD FOREIGN KEY ( `needs` ) REFERENCES `bengine_construction` (`buildingid`) ON DELETE CASCADE ON UPDATE CASCADE;
ALTER TABLE `bengine_research2user` ADD FOREIGN KEY ( `buildingid` ) REFERENCES `bengine_construction` (`buildingid`) ON DELETE CASCADE ON UPDATE CASCADE;
ALTER TABLE `bengine_research2user` ADD FOREIGN KEY ( `userid` ) REFERENCES `bengine_user` (`userid`) ON DELETE CASCADE ON UPDATE CASCADE;
ALTER TABLE `bengine_sessions` ADD FOREIGN KEY ( `userid` ) REFERENCES `bengine_user` (`userid`) ON DELETE CASCADE ON UPDATE CASCADE;
ALTER TABLE `bengine_ship2engine` ADD FOREIGN KEY ( `unitid` ) REFERENCES `bengine_construction` (`buildingid`) ON DELETE CASCADE ON UPDATE CASCADE;
ALTER TABLE `bengine_ship2engine` ADD FOREIGN KEY ( `engineid` ) REFERENCES `bengine_engine` (`engineid`) ON DELETE CASCADE ON UPDATE CASCADE;
ALTER TABLE `bengine_shipyard` ADD FOREIGN KEY ( `planetid` ) REFERENCES `bengine_planet` (`planetid`) ON DELETE CASCADE ON UPDATE CASCADE;
ALTER TABLE `bengine_shipyard` ADD FOREIGN KEY ( `unitid` ) REFERENCES `bengine_construction` (`buildingid`) ON DELETE CASCADE ON UPDATE CASCADE;
ALTER TABLE `bengine_ship_datasheet` ADD FOREIGN KEY ( `unitid` ) REFERENCES `bengine_construction` (`buildingid`) ON DELETE CASCADE ON UPDATE CASCADE;
ALTER TABLE `bengine_stargate_jump` ADD FOREIGN KEY ( `planetid` ) REFERENCES `bengine_planet` (`planetid`) ON DELETE CASCADE ON UPDATE CASCADE;
ALTER TABLE `bengine_temp_fleet` ADD FOREIGN KEY ( `planetid` ) REFERENCES `bengine_planet` (`planetid`) ON DELETE CASCADE ON UPDATE CASCADE;
ALTER TABLE `bengine_transport_log` ADD FOREIGN KEY (`user_1`) REFERENCES `bengine_user` (`userid`) ON DELETE CASCADE ON UPDATE CASCADE;
ALTER TABLE `bengine_transport_log` ADD FOREIGN KEY (`user_2`) REFERENCES `bengine_user` (`userid`) ON DELETE CASCADE ON UPDATE CASCADE;
ALTER TABLE `bengine_unit2shipyard` ADD FOREIGN KEY ( `unitid` ) REFERENCES `bengine_construction` (`buildingid`) ON DELETE CASCADE ON UPDATE CASCADE;
ALTER TABLE `bengine_unit2shipyard` ADD FOREIGN KEY ( `planetid` ) REFERENCES `bengine_planet` (`planetid`) ON DELETE CASCADE ON UPDATE CASCADE;
ALTER TABLE `bengine_user2ally` ADD FOREIGN KEY ( `userid` ) REFERENCES `bengine_user` (`userid`) ON DELETE CASCADE ON UPDATE CASCADE;
ALTER TABLE `bengine_user2ally` ADD FOREIGN KEY ( `aid` ) REFERENCES `bengine_alliance` (`aid`) ON DELETE CASCADE ON UPDATE CASCADE;
ALTER TABLE `bengine_user2group` ADD FOREIGN KEY ( `usergroupid` ) REFERENCES `bengine_usergroup` (`usergroupid`) ON DELETE CASCADE ON UPDATE CASCADE;
ALTER TABLE `bengine_user2group` ADD FOREIGN KEY ( `userid` ) REFERENCES `bengine_user` (`userid`) ON DELETE CASCADE ON UPDATE CASCADE;